Název,Rok,Autor,Lokalita,Technika,Rozměr,Majitel,Provenience,Inv. číslo,Značeno (petrbrandl.eu),Doloženo,Poznámka (archivní tabulka),Obrázek,Zdroj petrbrandl.eu
Sv. Tomáš Akvinský (opásáván cingulem cudnosti),1704,Petr Brandl,"Litoměřice, Galerie a muzeum litoměřické diecéze","Olej, plátno",237 × 149 cm,Diecéze litoměřická,Obraz původně pochází z bočního oltáře kostela sv. Michaela při klášteře dominikánů v Litoměřicích. Fr. Neugebeuer na dílo věnoval 300 zl. Po zrušení kláštera (1782) se obraz dostal v roce 1806 do budovy diecézního semináře a v témže roce pak do kaple biskupské rezidence v Litoměřicích.,Do-51,"Polokruhově uzavřeno, signováno vlevo dole na pochodni: Petrus Brandl Pinxit 1704","signováno, datováno, archivně doloženo",Umístění dle archivní tabulky: Galerie litoměřické diecéze | č.k. I-46,http://petrbrandl.eu/lib/mod/brandl/data/hires-temp/public/MTQ3ODc5MTgxOGpwZzI=.jpg,http://petrbrandl.eu/katalog-del/detail-dila/?id=47
Sv. Eustach klečící před bílým jelenem,1707,Petr Brandl,"Litoměřice, Galerie a muzeum litoměřické diecéze","Olej, plátno","64 × 45,5 cm",Diecéze litoměřická,Obraz původně pochází z kaple ve Mstišově a objednal jej František Karel hrabě Clary-Aldringen (1675–1751).,Do-161,Neznačeno,,Umístění dle archivní tabulky: Galerie litoměřické diecéze | č.k. I-47,http://petrbrandl.eu/lib/mod/brandl/data/hires-temp/public/MTQ3ODc5MTg0MGpwZzI=.jpg,http://petrbrandl.eu/katalog-del/detail-dila/?id=48
"Nejsvětější Trojice s Pannou Marií, sv. Augustinem, sv. Tomášem z Villanovy a sv. Zuzanou",1707,Petr Brandl,"Lnáře, kostel Nejsvětější Trojice","Olej, plátno",410 × 236 cm,Biskupství českobudějovické,Obraz pro kostel Nejsvětější Trojice objednala v roce 1707 Zuzana Renata hraběnka Černínová (1670–1734).,,signováno vpravo od středu na listu otevřené knihy: PETRUS BRANDL,"signováno, archivně doloženo","Umístění dle archivní tabulky: Kostel Nejsvětější Trojice, Lnáře | č.k. I-48",http://petrbrandl.eu/lib/mod/brandl/data/hires-temp/public/MTQ3ODc5MTg2NmpwZzI=.jpg,http://petrbrandl.eu/katalog-del/detail-dila/?id=49
Stětí sv. Barbory,asi 1699,Petr Brandl,Dlouhodobě zapůjčeno do Muzea a galerie severního Plzeňska v Mariánské Týnici,"Olej, plátno",413 × 293 cm,Plzeňská diecéze – Římskokatolická farnost Plasy a Manětín,"Spolu s obrazem Smrt Izidora a Zavražděním sv. Václava pochází ze hřbitovního kostela sv. Barbory v Manětíně, kde zdobil hlavní oltář. Dílo objednal Václav Josef hrabě Lažanský z Bukové (1673–1715).",,"Vpravo dole na stupni byla falešná signatura provedená J. Teuchnerem, na rubu obrazu byl nápis Dieses Vom Maler P. Brandl gemalte Bild wurde im Jahre 1876 von mir Jos: Teuchner Maler in Manetin neu übermalt. Auf Anregung des der Zeit gewes: H.: Dechants P. Georg Bier.",,"Umístění dle archivní tabulky: Kostel sv. Barbory, Manětín, dlouhodobě zapůjčeno do Mariánské Týnice | č.k. I-49 | Datování dle archivní tabulky: Asi 1699",http://petrbrandl.eu/lib/mod/brandl/data/hires-temp/public/MTQ3ODc5MTg5M2pwZzI=.jpg,http://petrbrandl.eu/katalog-del/detail-dila/?id=50
Zavraždění sv. Václava,asi 1699,Petr Brandl,"Mariánská Týnice, Muzeum a galerie severního Plzeňska – dlouhodobá zápůjčka","Olej, plátno",260 × 340 cm,Plzeňská diecéze – Římskokatolická farnost Plasy a Manětín,Spolu s obrazem Stětí sv. Barbory a Smrtí sv. Izidora pochází ze hřbitovního kostela sv. Barbory v Manětíně. Dílo objednal Václav Josef hrabě Lažanský z Bukové (1673–1715).,,Neznačeno,,"Umístění dle archivní tabulky: Kostel sv. Barbory, Manětín, dlouhodobě zapůjčeno do Mariánské Týnice | č.k. I-50 | Datování dle archivní tabulky: Asi 1699",http://petrbrandl.eu/lib/mod/brandl/data/hires-temp/public/MTQ3ODc5MTkyM2pwZzI=.jpg,http://petrbrandl.eu/katalog-del/detail-dila/?id=51
Smrt sv. Izidora,asi 1699,Petr Brandl,"Mariánská Týnice, Muzeum a galerie severního Plzeňska – dlouhodobá zápůjčka","Olej, plátno",260 × 340 cm,Plzeňská diecéze – Římskokatolická farnost Plasy a Manětín,Spolu s obrazem Stětí sv. Barbory a Zavražděním sv. Václava pochází ze hřbitovního kostela sv. Barbory v Manětíně. Dílo objednal Václav Josef hrabě Lažanský z Bukové (1673–1715).,,Neznačeno,,"Umístění dle archivní tabulky: Kostel sv. Barbory, Manětín, dlouhodobě zapůjčeno do Mariánské Týnice | č.k. I-51 | Datování dle archivní tabulky: Asi 1699",http://petrbrandl.eu/lib/mod/brandl/data/hires-temp/public/MTQ3ODc5MTk0MmpwZzI=.jpg,http://petrbrandl.eu/katalog-del/detail-dila/?id=52
Panna Marie s dítětem v oblacích,kolem 1699,Petr Brandl a dílna,"Manětín, kostel sv. Jana Křtitele","Olej, plátno",220 × 150 cm,Plzeňská diecéze – Římskokatolická farnost Plasy a Manětín,"Původně byl obraz určen do hřbitovního kostela sv. Barbory v Manětíně, kam jej objednal komorník Václava Josefa hraběte Lažanského (1673–1715) Jakub Drtina.",,Neznačeno,,"Umístění dle archivní tabulky: Kostel sv. Jana Křtitele, Manětín | č.k. I-52 | Datování dle archivní tabulky: Kolem 1699",http://petrbrandl.eu/lib/mod/brandl/data/hires-temp/public/MTQ3ODc5MjAyMGpwZzI=.jpg,http://petrbrandl.eu/katalog-del/detail-dila/?id=53
Křest Kristův,1715 až 1716,Petr Brandl,"Manětín, kostel sv. Jana Křtitele","Olej, plátno",323 × 223 cm,Plzeňská diecéze – Římskokatolická farnost Plasy a Manětín,Obraz na hlavní oltář kostela sv. Jana Křtitele v Manětíně objednala Marie Gabriela hraběnka Lažanská v roce 1715 za cenu 800 zlatých.,,Signováno vpravo dole: P. BRANDL,"signováno, archivně doloženo","Umístění dle archivní tabulky: Kostel sv. Jana Křtitele, Manětín | č.k. I-53 | Datování dle archivní tabulky: 1715-1716",http://petrbrandl.eu/lib/mod/brandl/data/hires-temp/public/MTQ3ODc5MjAwMWpwZzI=.jpg,http://petrbrandl.eu/katalog-del/detail-dila/?id=54
Výchova Panny Marie,1716,Petr Brandl,"Manětín, kostel sv. Jana Křtitele","Olej, plátno",270 × 132 cm,Plzeňská diecéze – Římskokatolická farnost Plasy a Manětín,Obraz do kostela sv. Jana Křtitele v Manětíně objednala Marie Gabriela hraběnka Lažanská v roce 1715 za cenu 400 zlatých.,,Signováno vpravo od středu: P. Brandl pinx,"signováno, archivně doloženo","Umístění dle archivní tabulky: Kostel sv. Jana Křtitele, Manětín | č.k. I-54",http://petrbrandl.eu/lib/mod/brandl/data/hires-temp/public/MTQ3ODc5MjA0OGpwZzI=.jpg,http://petrbrandl.eu/katalog-del/detail-dila/?id=55
Sv. Antonín Paduánský s Ježíškem,1716,Petr Brandl,"Manětín, kostel sv. Jana Křtitele","Olej, plátno",270 × 132 cm,Plzeňská diecéze – Římskokatolická farnost Plasy a Manětín,Obraz do kostela sv. Jana Křtitele v Manětíně objednala Marie Gabriela hraběnka Lažanská v roce 1715 za cenu 400 zlatých.,,Signováno vpravo dole: P. Brandl pinx.,"signováno, archivně doloženo","Umístění dle archivní tabulky: Kostel sv. Jana Křtitele, Manětín | č.k. I-56",http://petrbrandl.eu/lib/mod/brandl/data/hires-temp/public/MTQ3ODc5MjA5OWpwZzI=.jpg,http://petrbrandl.eu/katalog-del/detail-dila/?id=56
Sv. Bartoloměj,kolem 1727,Petr Brandl,"Česká republika, soukromá sbírka","Olej, plátno","72,5 × 54,5 cm",Soukromá sbírka,"Původní není známa. Spolu s obrazem sv. Ondřeje pochází ze sbírky Františka Josefa hraběte Černína (1697–1733). Později se dostal (díky sňatku) do majetku rodiny Lobkoviců – Antonín Isidor kníže Lobkovic jej v roce 1801 zapůjčil do Obrazárny Společnosti vlasteneckých přátel umění. V roce 1852 se dílo majiteli vrátilo na zámek v Mělníku. 1968 byl odcizen a odvezen do Rakouska, kde jej v roce 1970 identifikoval prof. J. Neumann a československý stát jej vykoupil. V roce 2015 dílo spolu s obrazem Sv. Ondřeje (obrazy visely v zámecké kapli na Mělníku) prodal Jiří Lobkowicz do soukromého majetku.",,Neznačeno,,Umístění dle archivní tabulky: Zámek Mělník | č.k. I-58 | Datování dle archivní tabulky: Kolem 1725,http://petrbrandl.eu/lib/mod/brandl/data/hires-temp/public/MTQ3OTgzMTM5N2pwZzI=.jpg,http://petrbrandl.eu/katalog-del/detail-dila/?id=57
Sv. Ondřej,kolem 1725,Petr Brandl,"Česká republika, soukromá sbírka","Olej, plátno","72,5 × 54,5 cm",Soukromá sbírka,"Původní není známa. Spolu s obrazem sv. Bartoloměje pochází ze sbírky Františka Josefa hraběte Černína (1697–1733). Později se dostal (díky sňatku) do majetku rodiny Lobkoviců – Antonín Isidor kníže Lobkovic jej v roce 1801 zapůjčil do Obrazárny Společnosti vlasteneckých přátel umění. V roce 1852 se dílo majiteli vrátilo na zámek v Mělníku. 1968 byl odcizen a odvezen do Rakouska, kde jej v roce 1970 identifikoval prof. J. Neumann a československý stát jej vykoupil. V roce 2015 dílo spolu s obrazem Sv. Bartoloměje (obrazy visely v zámecké kapli na Mělníku) prodal Jiří Lobkowicz do soukromého majetku.",,Neznačeno,,Umístění dle archivní tabulky: Zámek Mělník | č.k. I-59 | Datování dle archivní tabulky: Kolem 1725,http://petrbrandl.eu/lib/mod/brandl/data/hires-temp/public/MTQ3OTgzMTQyNGpwZzI=.jpg,http://petrbrandl.eu/katalog-del/detail-dila/?id=58
Sv. Josef se spícím Ježíškem a anděly,1710 až 1711,Petr Brandl,"Mnichov, Alte Pinakothek","Olej, plátno",114 × 87 cm,Bayerische Staatsgemäldesammlungen München,"Původní není známa. Obraz se nacházel v kurfiřtských falcko-bavorských, a pak v Královských bavorských sbírek. Nejprve byl vystaven na zámku ve Zweibrücken a poté na zámku ve Schleissheimu.",1661,"Na rubu starého, dnes přelepeného plátna byla při průzkumu odhalena původní signatura a datum, které lze číst 1710 nebo 1711",signováno,"Umístění dle archivní tabulky: Mnichov, Bayer. Staatsgemäldesammlungen | č.k. I-60 | Datování dle archivní tabulky: 1710 / 1711",http://petrbrandl.eu/lib/mod/brandl/data/hires-temp/public/MTQ3ODc5MjE1MmpwZzI=.jpg,http://petrbrandl.eu/katalog-del/detail-dila/?id=59
Kající Máří Magdaléna,asi 1693,Petr Brandl,"Mníšek pod Brdy, kostel sv. Václava",Olej na štukovém podkladě,210 × 280 cm,Arcibiskupství pražské,Obraz byl původně uprostřed stropu hlavní místnosti kláštera při poutním kostele (kapli) sv. Máří Magdalény na Skalce u Mníšku. Dílo objednal baron Servác Ignác Engel z Engelsflussu. V roce 1954 byla malba přenesena do kostela sv. Václava v Mníšku pod Brdy.,,Signováno vpravo na skále: P. Brandl,"archivně doloženo, signováno","Umístění dle archivní tabulky: Kostel sv. Václava, Mníšek pod Brdy původně v klášteře na Skalce | č.k. I-61 | Datování dle archivní tabulky: 1693",http://petrbrandl.eu/lib/mod/brandl/data/hires-temp/public/MTQ3ODc5MjI1M2pwZzI=.jpg,http://petrbrandl.eu/katalog-del/detail-dila/?id=60
Sv. Jan Nepomucký jako almužník,1725,Petr Brandl,"Mödling (Rakousko), kostel sv. Otmara","Olej, plátno",480 × 260 cm,Pfarre St. otmar – Mödling,Obraz pro kostel sv. Otmara objednala Česká dvorská kancelář.,,Náznaky signatury patrny na schodišti.,archivně doloženo,Umístění dle archivní tabulky: Kostel Nová Paka | č.k. I-67 | Datování dle archivní tabulky: Konec 1725–počátek 1728,http://petrbrandl.eu/lib/mod/brandl/data/hires-temp/public/MTQ3ODc5MjM1NWpwZzI=.jpg,http://petrbrandl.eu/katalog-del/detail-dila/?id=61
Sv. František z Pauly,1725 až 1726,Petr Brandl,"Nová Paka, kostel Nanebevzetí Panny Marie","Olej, plátno",350 × 200 cm,Biskupství královéhradecké,Obraz na bočním oltáři vznikl pro kostel Nanebevzetí Panny Marie na objednávku řádu paulánů v Nové Pace.,,Neznačeno,archivně doloženo,Umístění dle archivní tabulky: Kostel Nová Paka | č.k. I-65 | Datování dle archivní tabulky: Konec 1725–počátek 1726,http://petrbrandl.eu/lib/mod/brandl/data/hires-temp/public/MTQ3ODc5MjM5NGpwZzI=.jpg,http://petrbrandl.eu/katalog-del/detail-dila/?id=62
Archanděl Michael s plamenným mečem (nástavec oltáře Sv. Františka z Pauly),1725 až 1726,Petr Brandl,"Nová Paka, kostel Nanebevzetí Panny Marie","Olej, plátno",,Biskupství královéhradecké,Obraz v nástavci vznikl pro kostel Nanebevzetí Panny Marie na objednávku řádu paulánů v Nové Pace.,,Neznačeno.,archivně doloženo,Umístění dle archivní tabulky: Kostel Nová Paka | č.k. I-66 | Datování dle archivní tabulky: Konec 1725–počátek 1727,http://petrbrandl.eu/lib/mod/brandl/data/hires-temp/public/MTQ3ODc5MjQzNGpwZzI=.jpg,http://petrbrandl.eu/katalog-del/detail-dila/?id=63
Apoteóza sv. Jana Nepomuckého,1725 až 1726,Petr Brandl,"Nová Paka, kostel Nanebevzetí Panny Marie","Olej, plátno",350 × 200 cm,Biskupství královéhradecké,Obraz na bočním oltáři vznikl pro kostel Nanebevzetí Panny Marie na objednávku řádu paulánů v Nové Pace.,,Neznačeno,,Umístění dle archivní tabulky: Kostel Nová Paka | č.k. I-11 | Datování dle archivní tabulky: 1725–1726,http://petrbrandl.eu/lib/mod/brandl/data/hires-temp/public/MTQ3ODc5MjUzMGpwZzI=.jpg,http://petrbrandl.eu/katalog-del/detail-dila/?id=64
Jazyk sv. Jana Nepomuckého (nástavec oltáře Sv. Jana Nepomuckého),1725 až 1726,Petr Brandl,"Nová Paka, kostel Nanebevzetí Panny Marie","Olej, plátno",,Biskupství královéhradecké,Obraz v nástavci oltáře s obrazem Sv. Jana Nepomuckého vznikl pro kostel Nanebevzetí Panny Marie na objednávku řádu paulánů v Nové Pace.,,Neznačeno,,"Umístění dle archivní tabulky: Strahovská obrazárna, Praha | č.k. I-154 | Datování dle archivní tabulky: Po 1720",http://petrbrandl.eu/lib/mod/brandl/data/hires-temp/public/MTQ3ODc5MjU0OWpwZzI=.jpg,http://petrbrandl.eu/katalog-del/detail-dila/?id=65
U felčara,1719,Petr Brandl,"Nová Říše, Kanonie premonstrátů v Nové Říši","Olej, plátno","107,5 × 143,5 cm",Kanonie premonstrátů v Nové Říši,Původní není známa. Obraz prvně uveden v inventáři klášterní sbírky v roce 1819 pod autorským určením Gerrit Honthorst.,,Neznačeno,,Umístění dle archivní tabulky: Klášter premonstrátů Nová Říše | č.k. I-69,http://petrbrandl.eu/lib/mod/brandl/data/hires-temp/public/MTQ3ODc5MjYzNGpwZzI=.jpg,http://petrbrandl.eu/katalog-del/detail-dila/?id=66
U mastičkářky,1719,Petr Brandl,"Nová Říše, Kanonie premonstrátů v Nové Říši","Olej, plátno","107,5 × 140 cm",Kanonie premonstrátů v Nové Říši,Původní není známa. Obraz prvně uveden v inventáři klášterní sbírky v roce 1819 pod autorským určením Gerrit Honthorst.,,signováno vlevo od středu červeným tónem na hraně stolu P: BRANDL : F : 1719,,Umístění dle archivní tabulky: Klášter premonstrátů Nová Říše | č.k. I-70,http://petrbrandl.eu/lib/mod/brandl/data/hires-temp/public/MTQ3ODc5MjY2N2pwZzI=.jpg,http://petrbrandl.eu/katalog-del/detail-dila/?id=67
Kající se Máří Magdaléna,,Petr Brandl - okruh,neznámá,"Olej, plátno",89 × 75 cm,Soukromá sbírka,"Původní není známa; od 1994 do 2024 Joseph Michael Barton Dobenin; prodáno v aukci Arthouse Hejtmánek, Praha, 4.12. 2024, Lot. 14.",,Neznačeno,,Umístění dle archivní tabulky: Zámek Nové Město nad Metují | č.k. I-71 | Datování dle archivní tabulky: 1690–1695,http://petrbrandl.eu/lib/mod/brandl/data/hires-temp/public/MTQ3ODc5MjY5NWpwZzI=.jpg,http://petrbrandl.eu/katalog-del/detail-dila/?id=68
Panna Marie Bolestná,1733,Petr Brandl,"Nový Bydžov, Městské muzeum Nový Bydžov","Olej, plátno",235 × 120 cm,Městské muzeum Nový Bydžov,"Obraz byl spolu s Bolestnou Pannou Marií malován pro zámeckou kapli sv. Jana Nepomuckého v Barchově, která patřila Kryštofu Norbertu Voračickému hraběti z Paběnic (1696–1756). Do muzea v Novém Bydžově se dostaly v roce 1914.","2348, sign. C III 105",Neznačeno,,Umístění dle archivní tabulky: Národní galerie v Praze | č.k. I-122 | Datování dle archivní tabulky: Před 1710,http://petrbrandl.eu/lib/mod/brandl/data/hires-temp/public/MTQ3ODc5MjcyMmpwZzI=.jpg,http://petrbrandl.eu/katalog-del/detail-dila/?id=69
Ukřižovaný Kristus,1733,Petr Brandl,"Nový Bydžov, Městské muzeum Nový Bydžov","Olej, plátno",235 × 120 cm,Městské muzeum Nový Bydžov,"Obraz byl spolu s Bolestnou Pannou Marií malován pro zámeckou kapli sv. Jana Nepomuckého v Barchově, která patřila Kryštofu Norbertu Voračickému hraběti z Paběnic (1696–1756). Do muzea v Novém Bydžově se dostaly v roce 1914.","č. 2347, sign. C III 104",Neznačeno,archivně doloženo,Umístění dle archivní tabulky: Muzeum Nový Bydžov | č.k. I-173,http://petrbrandl.eu/lib/mod/brandl/data/hires-temp/public/MTQ3OTI5MTA4MWpwZzI=.jpg,http://petrbrandl.eu/katalog-del/detail-dila/?id=70
Korunování Panny Marie,kolem 1730,Petr Brandl – okruh,"Opava, Slezské zemské muzeum","Olej, plátno",90 × 73 cm,Slezské zemské muzeum,Původní není známa. Do opavského muzea byl obraz získán v roce 1945.,U 1304,Neznačeno,,Umístění dle archivní tabulky: Soukromá sbírka | č.k. I-160 | Datování dle archivní tabulky: Asi 1728,http://petrbrandl.eu/lib/mod/brandl/data/hires-temp/public/MTQ3OTI5MTExM2pwZzI=.jpg,http://petrbrandl.eu/katalog-del/detail-dila/?id=71
Sv. Bernard,1708,Petr Brandl,"Plasy, kostel Nanebevzetí Panny Marie","Olej, plátno",250 × 170 cm,Plzeňská diecéze – Římskokatolická farnost Plasy a Manětín,Obraz na bočním oltáři kostela Nanebevzetí Panny Marie při klášteře cisterciáků v Plasech vznikl zřejmě na objednávka opata Evžena Tyttla.,,Na obraze je vpravo dole znak plaského opata Eugena Tyttla s datem 1708,archivně doloženo,Umístění dle archivní tabulky: Kostel Plasy | č.k. I-75,http://petrbrandl.eu/lib/mod/brandl/data/hires-temp/public/MTY2OTI4ODkyOGpwZzI=.jpg,http://petrbrandl.eu/katalog-del/detail-dila/?id=72
Panna Marie uděluje škapulíř sv. Šimonu Štokovi,1708,Petr Brandl,"Plzeň, Muzeum církevního umění plzeňské diecéze","Olej, plátno",350 × 188 cm,Plzeňská diecéze,Obraz byl původně určen na hlavní oltář kostela Panny Marie Karmelské v Chyši náležející řádu obutých karmelitánů. Po zrušení kláštera byl kostel v roce 1787 nově zasvěcen Panně Marii Sněžné a Brandlův obraz byl nahrazen jiným od malíře J. A. Pinka. Dílo podle namalovaného aliančního znaku namaloval Brandl na objednávku svobodného pána Jiřího Karla Václava Michny z Vacínova a jeho ženy Anny Ludmily.,,Signováno vlevo dole: Petrus Brandl pinx. A. 1708,"signováno, datováno","Umístění dle archivní tabulky: Muzeum církevního umění, Plzeň | č.k. I-76",http://petrbrandl.eu/lib/mod/brandl/data/hires-temp/public/MTQ3OTI5MTIzNmpwZzI=.jpg,http://petrbrandl.eu/katalog-del/detail-dila/?id=73
Júdit před veleknězem,kolem 1705,Petr Brandl,"Pommersfelden (Německo), zámek Weißenstein (obrazárna)","Olej, plátno",264 × 175 cm,Graf von Schönborn,"Obraz se dostal do zámecké obrazárny hrabat Schönbornů v Pommersfelden zřejmě díky jejímu správci - malíři Janu Rudolfu Byssovi, který malbu eviduje v inventáři z roku 1719. Objednavatel není není znám.",56,Signováno dole ve středu na stupni: PETRUS BRANDL invenit,signováno,"Umístění dle archivní tabulky: Zámek Weissenstein, Pommersfelden | č.k. I-77 | Datování dle archivní tabulky: Kolem 1705",http://petrbrandl.eu/lib/mod/brandl/data/hires-temp/public/MTQ3OTI5MTI1N2pwZzI=.jpg,http://petrbrandl.eu/katalog-del/detail-dila/?id=74
Poprsí apoštola (?) s gestem,krátce po 1720,Petr Brandl,"Poznaň, Muzeum Narodowe w Poznaniu","Olej, plátno","77 × 62,5 cm","Muzeum Narodowe, Poznaň",Původní není známá. Do Muzea Narodoweho dílo zakoupeno v roce 1945 z obchodu Lamus.,MNP MO 965,Neznačeno,,,http://petrbrandl.eu/lib/mod/brandl/data/hires-temp/public/MTQ3OTI5MTI3OGpwZzI=.jpg,http://petrbrandl.eu/katalog-del/detail-dila/?id=75
Sv. Josef s Ježíškem a anděly,asi 1708,Petr Brandl,"Praha – Staré Město, kostel sv. Jakuba","Olej, plátno",249 × 145 cm,Konvent minoritů v Praze,Obraz do kostela staroměstských minoritů donoval městský radní Václav Reismann.,,Neznačeno,,"Umístění dle archivní tabulky: Kostel sv. Jakuba, Praha - St. Město | č.k. I-79 | Datování dle archivní tabulky: 1708 (asi)",http://petrbrandl.eu/lib/mod/brandl/data/hires-temp/public/MTQ3OTI5MTM1MmpwZzI=.jpg,http://petrbrandl.eu/katalog-del/detail-dila/?id=76
Zavraždění sv. Václava,1709,Petr Brandl,"Praha – Staré Město, kostel sv. Jakuba","Olej, plátno",259 × 138 cm,Konvent minoritů v Praze,Obraz do kostela minoritů donoval staroměstský měšťan Václav Hoffmann roku 1709.,,Neznačeno,,"Umístění dle archivní tabulky: Kostel sv. Jakuba, Praha - St. Město | č.k. I-81",http://petrbrandl.eu/lib/mod/brandl/data/hires-temp/public/MTQ3OTI5MTQ2MGpwZzI=.jpg,http://petrbrandl.eu/katalog-del/detail-dila/?id=77
Všichni svatí s Nejsvětější Trojicí,1711,Petr Brandl,"Praha – Staré Město, kostel sv. Jakuba","Olej, plátno",284 × 162 cm,Konvent minoritů v Praze,"Obraz do kostela řádu minoritů donoval již v roce 1704 staroměstský radní Ferdinand Čermák, po jeho smrti byl dofinancován rodinou Lochmannových v roce 1711.",,Neznačeno,archivně doloženo,"Umístění dle archivní tabulky: Kostel sv. Jakuba, Praha - St. Město | č.k. I-83",http://petrbrandl.eu/lib/mod/brandl/data/hires-temp/public/MTQ3OTI5MTUxMWpwZzI=.jpg,http://petrbrandl.eu/katalog-del/detail-dila/?id=78
Sv. Linhart navštěvuje vězně se sv. Vavřincem v oblacích,1716 až 1717,Petr Brandl,"Praha – Staré Město, kostel sv. Klimenta","Olej, plátno",354 × 210 cm,Řeckokatolická farnost u sv. Klimenta v Praze,Obraz do kostela sv. Klimenta v roce 1716 objednala měšťanka Marie Moserová za cenu 1000 zlatých.,,Neznačeno,archivně doloženo,"Umístění dle archivní tabulky: Kostel sv. Klimenta, Praha-Staré Město | č.k. I-84 | Datování dle archivní tabulky: konec 1716-březen 1717",http://petrbrandl.eu/lib/mod/brandl/data/hires-temp/public/MTQ3OTI5MTY0NmpwZzI=.jpg,http://petrbrandl.eu/katalog-del/detail-dila/?id=79
Výchova Panny Marie,kolem 1715,Petr Brandl,"Praha – Staré Město, klášter křižovníků","Olej, plátno",114 × 148 cm,Rytířský řád Křižovníků s červenou hvězdou,Původní není známa,,Neznačeno,,Umístění dle archivní tabulky: Klášter křžovníků  Praha-St. Město | č.k. I-83 | Datování dle archivní tabulky: Kolem/před 1715,http://petrbrandl.eu/lib/mod/brandl/data/hires-temp/public/MTQ5MDI3NjU3N2pwZzI=.jpg,http://petrbrandl.eu/katalog-del/detail-dila/?id=80
Nanebevzetí Panny Marie (Assumpta),před 1709,Petr Brandl,"Praha – Nové Město, kostel sv. Voršily","Olej, plátno",338 × 234 cm,Římská unie řádu svaté Voršily,Obraz objednala pro kostel sv. Voršily při klášteře voršilek jejich představená Maria Clara za cenu 400 zlatých.,,Neznačeno,archivně doloženo,"Umístění dle archivní tabulky: Kostel sv. Voršily, Praha | č.k. I-87 | Datování dle archivní tabulky: Asi do 1709",http://petrbrandl.eu/lib/mod/brandl/data/hires-temp/public/MTQ3OTc0MTMwNWpwZzI=.jpg,http://petrbrandl.eu/katalog-del/detail-dila/?id=81
Vidění sv. Terezie,1697,Petr Brandl,"Praha – Malá Strana, kostel sv. Josefa","Olej, plátno",272 × 179 cm,Arcibiskupství pražské,Obraz pro oltář kostela sv. Josefa na Malé Straně náležející řádu bosých karmelitánek donoval Václav Vojtěch hrabě Šternberk (1643–1708).,,Signováno vlevo dole na listu knihy: P:BRAN (poslední písmena zakryta),"signováno, archivně doloženo","Umístění dle archivní tabulky: Kostel sv. Josefa, Praha - Malá Strana | č.k. I-88",http://petrbrandl.eu/lib/mod/brandl/data/hires-temp/public/MTQ3OTgwODAwMmpwZzI=.jpg,http://petrbrandl.eu/katalog-del/detail-dila/?id=82
Sv. Josef s Ježíškem a Pannou Marií (sv. Rodina),1702,Petr Brandl,"Praha – Malá Strana, kostel sv. Josefa","Olej, plátno",373 × 232 cm,Arcibiskupství pražské,"Obraz objednala v roce 1697 převorka karmelitánského kláštera Anna Eleonora od Svatého Leopolda pro kostel sv. Josefa na Malé Straně,",,Neznačeno,archivně doloženo,"Umístění dle archivní tabulky: Kostel sv. Josefa, Praha - Malá Strana | č.k. I-89 | Datování dle archivní tabulky: 1701",http://petrbrandl.eu/lib/mod/brandl/data/hires-temp/public/MTQ3OTgwODI2MGpwZzI=.jpg,http://petrbrandl.eu/katalog-del/detail-dila/?id=83
Sv. Jáchym a Anna (Zvěstování Jáchymovi a Anně),1716,Petr Brandl,"Praha – Malá Strana, kostel Panny Marie Vítězné","Olej, plátno",383 × 226 cm,Klášter Panny Marie Vítězné – Pražského Jezulátka Řádu bosých bratří blahoslavené Panny Marie z hory Karmel,Obraz na boční oltář kostela Panny Marie Vítězné na Malé Straně objednal spolu s obrazem v nástavci za cenu 400 zlatých řád bosých karmelitánů.,,Signováno na listu otevřené knihy vpravo dole: P. BRANDL pinxit,"signováno, archivně doloženo",Umístění dle archivní tabulky: Kostel Panny Marie Vítězné | č.k. I-90,http://petrbrandl.eu/lib/mod/brandl/data/hires-temp/public/MTQ3OTgwNzk1N2pwZzI=.jpg,http://petrbrandl.eu/katalog-del/detail-dila/?id=84
Bůh Otec (nástavec oltáře sv. Jáchyma a Anny),1716,Petr Brandl,"Praha - Malá Strana, kostel Panny Marie Vítězné","Olej, plátno",,,Obraz v nástavci byl spolu s obrazem sv. Jáchyma a Anny objednán malostranskými karmelitány za cenu 400 zlatých.,,Neznačeno,archivně doloženo,Umístění dle archivní tabulky: Kostel Panny Marie Vítězné | č.k. I-91,http://petrbrandl.eu/lib/mod/brandl/data/hires-temp/public/MTQ3OTc0MDcxM2pwZzI=.jpg,http://petrbrandl.eu/katalog-del/detail-dila/?id=85
Smrt sv. Josefa,1720,Petr Brandl,"Praha - Malá Strana, kostel Panny Marie Vítězné","Olej, plátno",399 × 229 cm,Klášter Panny Marie Vítězné – Pražského Jezulátka Řádu bosých bratří blahoslavené Panny Marie z hory Karmel,Obraz do kostela Panny Marie Vítězné na Malé Straně objednal řád bosých karmelitánů.,,Signováno na stoličce: P. Brandl pinxit,"signováno, archivně doloženo","Umístění dle archivní tabulky: Kostel P. Marie Vítězné, Praha | č.k. I-92",http://petrbrandl.eu/lib/mod/brandl/data/hires-temp/public/MTQ3OTgwNzg2N2pwZzI=.jpg,http://petrbrandl.eu/katalog-del/detail-dila/?id=86
Sv. Antonín Paduánský s Ježíškem (obraz v nástavci oltáře),1720,Petr Brandl,"Praha – Malá Strana, kostel Panny Marie Vítězné","Olej, plátno",,Klášter Panny Marie Vítězné – Pražského Jezulátka Řádu bosých bratří blahoslavené Panny Marie z hory Karmel,Obraz v nástavci oltáře byl spolu s Brandlovým oltářním plátnem Smrt sv. Josefa objednán řádem bosých karmelitánů do kostela Panny Marie Vítězné na Malé Straně.,,Neznačeno,,"Umístění dle archivní tabulky: Kostel P. Marie Vítězné, Praha | č.k. I-93",http://petrbrandl.eu/lib/mod/brandl/data/hires-temp/public/MTQ3OTgwNzkwN2pwZzI=.jpg,http://petrbrandl.eu/katalog-del/detail-dila/?id=87
Panna Marie uděluje škapulíř sv. Šimonu Štokovi,před 1720,Petr Brandl,"Praha – Malá Strana, kostel Panny Marie Vítězné","Olej, plátno",380 × 225 cm,Klášter Panny Marie Vítězné – Pražského Jezulátka Řádu bosých bratří blahoslavené Panny Marie z hory Karmel,Obraz do kostela Panny Marie Vítězné na Malé Straně objednal řád bosých karmelitánů.,,Neznačeno,,"Umístění dle archivní tabulky: Kostel P. Marie Vítězné, Praha | č.k. I-94 | Datování dle archivní tabulky: 1720 nebo dříve",http://petrbrandl.eu/lib/mod/brandl/data/hires-temp/public/MTQ3OTc0MTIyMmpwZzI=.jpg,http://petrbrandl.eu/katalog-del/detail-dila/?id=88
Sv. Jan Nepomucký (obraz v nástavci),před 1720,Petr Brandl,"Praha – Malá Strana, kostel Panny Marie Vítězné","Olej, plátno",,Klášter Panny Marie Vítězné – Pražského Jezulátka Řádu bosých bratří blahoslavené Panny Marie z hory Karmel,Obraz v nástavci k oltářnímu obrazu Panna Marie uděluje škapulíř sv. Šimonu Štokovi od Brandla objednal řád bosých karmelitánů pro kostel Panny Marie Vítězné na Malé Straně.,,Neznačeno,,"Umístění dle archivní tabulky: Kostel P. Marie Vítězné, Praha | č.k. I-95 | Datování dle archivní tabulky: 1720 / dříve",http://petrbrandl.eu/lib/mod/brandl/data/hires-temp/public/MTQ3OTgwODEwMWpwZzI=.jpg,http://petrbrandl.eu/katalog-del/detail-dila/?id=89
Sen proroka Eliáše,1724,Petr Brandl,"Praha – Malá Strana, klášter karmelitánů|Dlouhodobě zapůjčeno do stálé expozice Národní galerie v Praze","Olej, plátno",187 × 248 cm,Klášter Panny Marie Vítězné – Pražského Jezulátka Řádu bosých bratří blahoslavené Panny Marie z hory Karmel,Obraz objednali v roce 1724 malostranští karmelitáni pro výzdobu klášterního refektáře.,VO 371,Signováno vlevo dole na kameni pod holí: P. Brandl pinxit,"signováno, archivně doloženo",Umístění dle archivní tabulky: Národní galerie v Praze (zápůjčka z kláštera karmelitánů Praha - Malá Strana) | č.k. I-96,http://petrbrandl.eu/lib/mod/brandl/data/hires-temp/public/MTQ3OTgwNzY5M2pwZzI=.jpg,http://petrbrandl.eu/katalog-del/detail-dila/?id=90
Podobizna pražského arcibiskupa Ferdinanda z Khuenburgu,1714 až 1715,Petr Brandl,"Praha – Hradčany, Arcibiskupský palác","Olej, plátno","114 × 88,2 cm",Arcibiskupství pražské,Obraz velmi pravděpodobně vznikl na přímou objednávku arcibiskupa Ferdinanda z Kheunburgu (1651–1731).,,"Na rubu plátna nápis: F. KHUENBURG, na štítku vlevo dole: Beilaß No 25",,Umístění dle archivní tabulky: Arcibiskupský palác Praha-Hradčany | č.k. I-97 | Datování dle archivní tabulky: 1714-1715,http://petrbrandl.eu/lib/mod/brandl/data/hires-temp/public/MTQ3OTc0MTM5N2pwZzI=.jpg,http://petrbrandl.eu/katalog-del/detail-dila/?id=91
Sv. Pavel,1724,Petr Brandl,"Praha – Hradčany, Arcibiskupský palác. Dlouhodobě zapůjčeno do stálé expozice Národní galerie v Praze","Olej, plátno","101 × 76,7 cm",Arcibiskupství pražské,Obraz spolu s protějškovým dílem zobrazující sv. Petra zřejmě objednal pražský arcibiskup Ferdinand z Khuenburku (1713–1731).,VO 381,Signováno na kamenné desce vpravo dole Petrus Brandl. Pinxit. A 1724,"signováno, datováno",Umístění dle archivní tabulky: Národní galerie v Praze (zápůjčka z Arcibiskupství pražského) | č.k. I-98,http://petrbrandl.eu/lib/mod/brandl/data/hires-temp/public/MTQ3OTgwODE0MmpwZzI=.jpg,http://petrbrandl.eu/katalog-del/detail-dila/?id=92
Sv. Petr,1724,Petr Brandl,"Praha – Hradčany, Arcibiskupský palác Dlouhodobě zapůjčeno do stálé expozice Národní galerie v Praze","Olej, plátno","101 × 76,7 cm",Arcibiskupství pražské,Obraz spolu s protějškovým dílem zobrazující sv. Pavla zřejmě objednal pražský arcibiskup Ferdinand z Khuenburku (1713–1731).,VO 380,Neznačeno,,Umístění dle archivní tabulky: Národní galerie v Praze (zápůjčka z Arcibiskupství pražského) | č.k. I-97,http://petrbrandl.eu/lib/mod/brandl/data/hires-temp/public/MTQ3OTgwODE4MmpwZzI=.jpg,http://petrbrandl.eu/katalog-del/detail-dila/?id=93
Zázrak Panny Marie Rottenburské,1718 až 1736,Petr Brandl (dokončil Jan Jiří Schmidt),"Praha – Hradčany, kapucínský kostel Panny Marie Andělské","Olej, plátno",214 × 367 cm,Provincie kapucínů v ČR,"Obraz Brandl namaloval (ale nedokončil) pro řád kapucínů v Praze na Hradčanech. Nedokončené dílo zabavila majitelka domu v Plátnéřské ulici (kde Brandl bydlel) Zuzana Polixena Camelroniová a předala po Brandlově smrti do kapucínského kláštera, kde malbu dokončil Jan Jiří Schmidt.",PHr-065,Neznačno,,,http://petrbrandl.eu/lib/mod/brandl/data/hires-temp/public/MTQ3OTc0MTc4MGpwZzI=.jpg,http://petrbrandl.eu/katalog-del/detail-dila/?id=94
Panna Marie s Ježíškem a sv. Josefem zachraňují duše v očistci,po 1700,Petr Brandl,"Praha – Hradčany, kapucínský klášter","Olej, plátno",216 × 162 cm,Provincie kapucínů v ČR,"Obraz byl původně určen do kláštera kapucínů – do Lorety v Praze-Hradčanech, objednavatel však není znám.",PHr-113,Dole při okraji obrazu připojena jinou rukou nápisová páska s textem ALMA CONFRATERNITAS IESU MARIAE JOSEPH PRO DEFUNCTIS. PRAGAE IN S: DOMO LAURETANA. SUB / INNOCENTIO XII ERECTA MAGNIS INDULGENTIIS ET GRATIIS ALICTA. DIE 31 MARTII 1694,,Umístění dle archivní tabulky: Muzeum hl. m. Prahy | č.k. I-114 | Datování dle archivní tabulky: Před 1710,http://petrbrandl.eu/lib/mod/brandl/data/hires-temp/public/MTQ3OTc0MTM2OWpwZzI=.jpg,http://petrbrandl.eu/katalog-del/detail-dila/?id=95
Stigmatizace sv. Františka z Assisi,1718,Petr Brandl,"Praha – Hradčany, kapucínský klášter","Olej, plátno",292 × 221 cm,Provincie kapucínů v ČR,"Obraz v kapli sv. Františka v pražské Loretě, donovala Eleonora Carolia Zaháňská (roz. Lobkovicová).",Lor-164,Neznačeno,,"Umístění dle archivní tabulky: Kaple sv. Frantička v Loretě, Praha Hradčany | č.k. I-102",http://petrbrandl.eu/lib/mod/brandl/data/hires-temp/public/MTQ3OTc0MTU2M2pwZzI=.jpg,http://petrbrandl.eu/katalog-del/detail-dila/?id=96
Křest Kristův,1722,Petr Brandl,"Praha – Hradčany, katedrála sv. Víta","Olej, plátno",241 × 122 cm,Metropolitní kapitula u svatého Víta,Obraz objednala svatovítská kapitula v roce 1722 za cenu 400 zlatých.,,Neznačeno,,,http://petrbrandl.eu/lib/mod/brandl/data/hires-temp/public/MTQ3OTc0MTE3OGpwZzI=.jpg,http://petrbrandl.eu/katalog-del/detail-dila/?id=97
Setkání sv. Vojtěcha s knížetem Boleslavem II. u břevnovské studánky (založení Břevnovského kláštera),1718 až 1719,Petr Brandl,"Praha – Břevnov, kostel sv. Markéty","Olej, plátno",340 × 208 cm,Benediktinské arciopatství v Břevnově,Obraz spolu s dalšími šesti oltářními malbami objednal řád benediktinů pro kostel sv. Markéty v Praze–Břevnově.,,Signováno na pahýlu stromu: Brandel,archivně doloženo,"Umístění dle archivní tabulky: Kostel sv. Markéty, Praha-Břevnov | č.k. I-104 | Datování dle archivní tabulky: 1718-1719",http://petrbrandl.eu/lib/mod/brandl/data/hires-temp/public/MTQ3OTc0MTU5M2pwZzI=.jpg,http://petrbrandl.eu/katalog-del/detail-dila/?id=98
Smrt poustevníka Vintíře,1718 až 1719,Petr Brandl,"Praha – Břevnov, kostel sv. Markéty","Olej, plátno",340 × 208 cm,Benediktinské arciopatství v Břevnově,Obraz spolu s dalšími šesti oltářními malbami objednal řád benediktinů pro kostel sv. Markéty v Praze–Břevnově.,,Neznačeno,archivně doloženo,"Umístění dle archivní tabulky: Kostel sv. Markéty, Praha-Břevnov | č.k. I-103 | Datování dle archivní tabulky: 1718-1719",http://petrbrandl.eu/lib/mod/brandl/data/hires-temp/public/MTQ3OTc0MTYyMmpwZzI=.jpg,http://petrbrandl.eu/katalog-del/detail-dila/?id=99
Sv. Prokop nutí ďábla orat,1718 až 1719,Petr Brandl,"Praha – Břevnov, kostel sv. Markéty","Olej, plátno",300 × 150 cm,Benediktinské arciopatství v Břevnově,Obraz je součástí nástavce oltáře s Brandlovým obrazem Smrt poustevníka Vintíře. Spolu s dalšími šesti oltářními malbami objednal řád benediktinů pro kostel sv. Markéty v Praze–Břevnově.,,Signováno vpravo dole: Petrus Brandl / pinx.,"signováno, archivně doloženo","Umístění dle archivní tabulky: Kostel sv. Markéty, Praha-Břevnov | č.k. I-106 | Datování dle archivní tabulky: 1718-1719",http://petrbrandl.eu/lib/mod/brandl/data/hires-temp/public/MTQ3OTc0MTY1OGpwZzI=.jpg,http://petrbrandl.eu/katalog-del/detail-dila/?id=100
Zavraždění sv. Václava,1719 až 1723,Petr Brandl,"Praha – Břevnov, kostel sv. Markéty","Olej, plátno",445 × 259 cm,Benediktinské arciopatství v Břevnově,Obraz spolu s dalšími šesti oltářními malbami objednal řád benediktinů pro kostel sv. Markéty v Praze–Břevnově.,,Neznačeno,archivně doloženo,"Umístění dle archivní tabulky: Kostel sv. Markéty, Praha-Břevnov | č.k. I-107 | Datování dle archivní tabulky: asi 1719-1723",http://petrbrandl.eu/lib/mod/brandl/data/hires-temp/public/MTQ3OTc0MTY4N2pwZzI=.jpg,http://petrbrandl.eu/katalog-del/detail-dila/?id=101
Nalezení a převezení ostatků sv. Otmara z ostrova Werd do svatohavelského kláštera (Oslavení sv. Otmara),1719,Petr Brandl,"Praha – Břevnov, kostel sv. Markéty","Olej, plátno",445 × 257 cm,Benediktinské arciopatství v Břevnově,Obraz spolu s dalšími šesti oltářními malbami objednal řád benediktinů pro kostel sv. Markéty v Praze–Břevnově.,,Neznačeno,archivně doloženo,"Umístění dle archivní tabulky: Kostel sv. Markéty, Praha-Břevnov | č.k. I-108 | Datování dle archivní tabulky: dokončeno počátkem října 1719",http://petrbrandl.eu/lib/mod/brandl/data/hires-temp/public/MTY2OTMxMzAxM2pwZzI=.jpg,http://petrbrandl.eu/katalog-del/detail-dila/?id=102
Smrt sv. Benedikta,1719,Petr Brandl,"Praha – Břevnov, kostel sv. Markéty","Olej, plátno",445 × 247 cm,Benediktinské arciopatství v Břevnově,Obraz spolu s dalšími šesti oltářními malbami objednal řád benediktinů pro kostel sv. Markéty v Praze–Břevnově.,,Neznačeno,archivně doloženo,"Umístění dle archivní tabulky: Kostel sv. Markéty, Praha-Břevnov | č.k. I-109 | Datování dle archivní tabulky: 26. května - 19. prosince 1719",http://petrbrandl.eu/lib/mod/brandl/data/hires-temp/public/MTQ3OTc0MTcxNWpwZzI=.jpg,http://petrbrandl.eu/katalog-del/detail-dila/?id=103
Ukřižování s Pannou Marií Bolestnou,1719,Petr Brandl,"Praha – Břevnov, kostel sv. Markéty","Olej, plátno",445 × 247 cm,Benediktinské arciopatství v Břevnově,Obraz spolu s dalšími šesti oltářními malbami objednal řád benediktinů pro kostel sv. Markéty v Praze–Břevnově.,,Neznačeno,archivně doloženo,"Umístění dle archivní tabulky: Kostel sv. Markéty, Praha-Břevnov | č.k. I-110 | Datování dle archivní tabulky: dokončeno 22. prosince 1719",http://petrbrandl.eu/lib/mod/brandl/data/hires-temp/public/MTQ3OTc0MTc1MGpwZzI=.jpg,http://petrbrandl.eu/katalog-del/detail-dila/?id=104
Klanění pastýřů,1713,Petr Brandl,"Praha – Zbraslav, kostel sv. Jakuba","Olej, plátno","220 × 118,5 cm",Arcibiskupství pražské,Obraz byl původně určen do konventního kostela cisterciáků na Zbraslavi.,,"Vpravo pod nohou sv. Josefa zbytek signatury: Petrus Brandl (napsáno obloučkovou zkratkou, konec podpisu málo čitelný)",,"Umístění dle archivní tabulky: Kostel sv. Jakuba, Praha-Zbraslav | č.k. I-111",http://petrbrandl.eu/lib/mod/brandl/data/hires-temp/public/MTQ3OTc0MTA5NmpwZzI=.jpg,http://petrbrandl.eu/katalog-del/detail-dila/?id=105
Klanění tří králů,1713,Petr Brandl,"Praha - Zbraslav, kostel sv. Jakuba","Olej, plátno","220 × 118,5 cm",Arcibiskupství pražské,Obraz byl původně určen do konventního kostela cisterciáků na Zbraslavi.,,"signováno vlevo dole: Petrus Brandl Anno 1713 („us“ psáno obloučkovou zkratkou), na rubu plátna nápis: Petr Brandl pinx anno 1713.","signováno, datováno","Umístění dle archivní tabulky: Kostel sv. Jakuba, Praha-Zbraslav | č.k. I-112",http://petrbrandl.eu/lib/mod/brandl/data/hires-temp/public/MTQ3OTc0MTExOGpwZzI=.jpg,http://petrbrandl.eu/katalog-del/detail-dila/?id=106
Uzdravení slepého Tobiáše,kolem 1705,Petr Brandl,"Praha, Muzeum hlavního města Prahy, dlouhodobě zapůjčeno do stálé expozice Národní galerie v Praze","Olej, plátno",259 × 177 cm,Muzeum hlavního města Prahy,Původní není známa. V roce 1797 je zapůjčil rod Kolovratů do Obrazárny Společnosti vlasteneckých přátel umění a roku 1860 byl darován Janem M. Kolovratem-Krakovským do kostela sv. Štěpána v Praze na Novém Městě. Roku 1866 byl znovu zapůjčen do Obrazárny a poté se stal majetkem Muzea hlavního města Prahy.,HD 000 011,"Signováno vlevo na stupni dole: PETRVS. BRANDl. invenit et pinxit, inv. č. VO 10421",signováno,Umístění dle archivní tabulky: Muzeum hl. m. Prahy (v NG) | č.k. I-113 | Datování dle archivní tabulky: Kolem 1705,http://petrbrandl.eu/lib/mod/brandl/data/hires-temp/public/MTQ5MDI3NzIzMmpwZzI=.jpg,http://petrbrandl.eu/katalog-del/detail-dila/?id=107
Panna Marie s Ježíškem,před 1710,Petr Brandl,"Praha, Muzeum hlavního města Prahy","Olej, plátno","92,5 × 77 cm",Muzeum hlavního města Prahy,Původní není známa. Do muzea se dostal v roce 1924 z pozůstalosti MUDr. Neureuthera.,H 023 343,Neznačeno,,"Umístění dle archivní tabulky: Klášter premonstrátů, Teplá | č.k. I-172 | Datování dle archivní tabulky: Kolem 1705 (?)",http://petrbrandl.eu/lib/mod/brandl/data/hires-temp/public/MTQ5MDI3NzQ2M2pwZzI=.jpg,http://petrbrandl.eu/katalog-del/detail-dila/?id=108
Sv. Antonín Paduánský s Ježíškem,kolem 1690,Petr Brandl,"Praha, Národní galerie v Praze","Olej, plátno","111 × 81,3 cm",Národní galerie v Praze,Původní není známa. Do Národní galerie dílo zakoupeno ze soukromého majetku v roce 1982.,O 14954,Neznačeno,,Umístění dle archivní tabulky: Národní galerie v Praze | č.k. I-115 | Datování dle archivní tabulky: Kolem 1690,http://petrbrandl.eu/lib/mod/brandl/data/hires-temp/public/MTQ3ODI2NzkwNWpwZzI=.jpg,http://petrbrandl.eu/katalog-del/detail-dila/?id=109
Jákob přijímá Josefovo zkrvavené roucho,kolem 1695,Petr Brandl,"Praha, Národní galerie v Praze","Olej, plátno",78 × 97 cm,Národní galerie v Praze,Původní není známa. Obraz zakoupen do Obrazárny Společnosti vlasteneckých přátel umění (pozdější Národní galerie v Praze) v roce 1923 od Rudolfa Ryšavého.,O 1348,Neznačeno,,Umístění dle archivní tabulky: Národní galerie v Praze | č.k. I-116 | Datování dle archivní tabulky: Kolem 1695,http://petrbrandl.eu/lib/mod/brandl/data/hires-temp/public/MTQ3ODI2NzE0MWpwZzI=.jpg,http://petrbrandl.eu/katalog-del/detail-dila/?id=111
Kimon a Pera (Caritas Romana),po 1710,Petr Brandl,"Praha, Národní galerie v Praze","Olej, plátno","105 × 142,5 cm",Národní galerie v Praze,"Původní není známa, obraz byl zakoupen od O. Kretschmera v Praze roku 1938.",O 1592,Neznačeno,,Umístění dle archivní tabulky: Národní galerie v Praze | č.k. I-117 | Datování dle archivní tabulky: Brzy po 1695,http://petrbrandl.eu/lib/mod/brandl/data/hires-temp/public/MTQ3ODI2NzMyMmpwZzI=.jpg,http://petrbrandl.eu/katalog-del/detail-dila/?id=112
Vlastní podobizna (zv. Lobkovická),kolem 1697,Petr Brandl,"Praha, Národní galerie v Praze","Olej, plátno",73 × 55 cm,Národní galerie v Praze,"Původní není známa. V roce 1805 byl obraz zakoupen z obchodu Václava Bernarda Ambroziho do fondu Společnosti vlasteneckých přítel umění Antonínem Isidorem knížetem Lobkovic (1773–1819). Z lobkovického majetku přešel do Státní sbírky starého umění (pozdější Národní galerie v Praze). V roce 1992 byl vrácen Otakaru Lobkowiczovi (1922–1995), který jej do Národní galerie dlouhodobě zapůjčil; a v roce 2008 dílo Národní galerie odkoupila od Otakara Antoine Lobkowicze.",O 18923,Neznačeno,,Umístění dle archivní tabulky: Národní galerie v Praze | č.k. I-118 | Datování dle archivní tabulky: Kolem 1697,http://petrbrandl.eu/lib/mod/brandl/data/hires-temp/public/MTQ3OTgyOTUxNWpwZzI=.jpg,http://petrbrandl.eu/katalog-del/detail-dila/?id=113
Podobizna staršího muže v hnědém plášti,kolem 1705,Petr Brandl,"Praha, Národní galerie v Praze","Olej, plátno","109,5 × 81,5 cm",Národní galerie v Praze,Obraz byl zakoupen do Obrazárny Společnosti vlasteneckých přátel umění (pozdější Národní galerie v Praze) roku 1932 od Sidonie Nádherné z Vrchotových Janovic.,O 1551,Neznačeno,,Umístění dle archivní tabulky: Národní galerie v Praze | č.k. I-120 | Datování dle archivní tabulky: Kolem 1705,http://petrbrandl.eu/lib/mod/brandl/data/hires-temp/public/MTQ3ODI2NzczMGpwZzI=.jpg,http://petrbrandl.eu/katalog-del/detail-dila/?id=114
Zvěstování Panně Marii: Panna Marie,před 1710,Petr Brandl,"Praha, Národní galerie","Olej, plátno","58,6 × 43,5 cm",Národní galerie v Praze,"Původní není známa. Spolu s protějškovým obrazem Archandělem Gabrielem, byl roku 1901 zapůjčen z neuvedeného majetku do Obrazárny Společnosti vlasteneckých přátel umění a roku 1904 získán do jejího vlastnictví.",O 844,Neznačeno,archivně doloženo,"Umístění dle archivní tabulky: Svatá Hora, klášter redemptoristů | č.k. I-170 | Datování dle archivní tabulky: 1697",http://petrbrandl.eu/lib/mod/brandl/data/hires-temp/public/MTc1MjE1MzUwMWpwZzI=.jpg,http://petrbrandl.eu/katalog-del/detail-dila/?id=115
Zvěstování Panně Marii: Archanděl Gabriel,před 1710,Petr Brandl,"Praha, Národní galerie v Praze","Olej, plátno","58,6 × 43 cm",Národní galerie v Praze,"Původní není známa. Spolu s protějškovým obrazem Pannou Marií, byl roku 1901 zapůjčen z neuvedeného majetku do Obrazárny Společnosti vlasteneckých přátel umění a roku 1904 získán do jejího vlastnictví.",O 845,Neznačeno,,Umístění dle archivní tabulky: Národní galerie v Praze | č.k. I-123 | Datování dle archivní tabulky: Před 1710,http://petrbrandl.eu/lib/mod/brandl/data/hires-temp/public/MTQ3ODI2ODEwMmpwZzI=.jpg,http://petrbrandl.eu/katalog-del/detail-dila/?id=116
Kající se Máří Magdaléna,po 1710,Petr Brandl,"Praha, Národní galerie v Praze","Olej, plátno",114 × 84 cm,Národní galerie v Praze,"Původní není známa. V roce 1867 se obraz nalézal ve sbírce Hynka Ignáce Řivnáče (1804–1874), po něm dílo zdědil Václav Řivnáč, v jehož majetku byl do roku 1911. Poté dílo získal Jan Steinský-Sehnoutka (1920–2011). Od roku 1949 byl obraz v Národní galerii, která jej v roce 2014 zakoupila od rodiny Steinský-Sehnoutka.",O 19134,Signováno na listě otevřené knihy: P. Brandl,signováno,Umístění dle archivní tabulky: Národní galerie v Praze | č.k. I-124 | Datování dle archivní tabulky: Před 1710,http://petrbrandl.eu/lib/mod/brandl/data/hires-temp/public/MTQ3ODI2NzE1OWpwZzI=.jpg,http://petrbrandl.eu/katalog-del/detail-dila/?id=117
Lot a jeho dcery,kolem 1710,Petr Brandl,"Praha, Národní galerie v Praze","Olej, plátno","80,2 × 103 cm",Národní galerie v Praze,"Původní není známa. Obraz byl ve sbírce O. Kretschmera, později v majetku paní Havránkové a dále JUDr. Františka Světničky. Do Národní galerie byl zakoupen v roce 1971.",O 12683,Neznačeno,,Umístění dle archivní tabulky: Národní galerie v Praze | č.k. I-125 | Datování dle archivní tabulky: Před/kolem 1710,http://petrbrandl.eu/lib/mod/brandl/data/hires-temp/public/MTQ3ODI2NzM0N2pwZzI=.jpg,http://petrbrandl.eu/katalog-del/detail-dila/?id=118
Podobizna šlechtice v modrém plášti,kolem 1710,Petr Brandl,"Praha, Národní galerie v Praze","Olej, plátno","144 × 106,5 cm",Národní galerie v Praze,Původní není známa. Dílo v roce 1798 zapůjčil Bedřich hrabě Nostic do Obrazárny Společnosti vlasteneckých přátel umění a 1852 vrácen rodině Nosticů. Do sbírek Obrazárny (pozdější Národní galerie v Praze) byl zakoupen v roce 1922.,O 1281,Vlevo dole falešná signatura: P. Brandl.,,Umístění dle archivní tabulky: Národní galerie v Praze | č.k. I-126 | Datování dle archivní tabulky: Před/kolem 1710,http://petrbrandl.eu/lib/mod/brandl/data/hires-temp/public/MTQ3ODI2NzYxNWpwZzI=.jpg,http://petrbrandl.eu/katalog-del/detail-dila/?id=119
Sv. Pavel,kolem 1710,Petr Brandl,"Praha, Národní galerie v Praze","Olej, plátno","95,5 × 82 cm",Národní galerie v Praze,Původní provenience není známa. Obraz byl zakoupen 1939 ze sbírky R. Ryšavého do Státní sbírky starého umění (pozdější Národní galerie).,O 1617,Neznačeno,,Umístění dle archivní tabulky: Národní galerie v Praze | č.k. I-127 | Datování dle archivní tabulky: Kolem/po 1710,http://petrbrandl.eu/lib/mod/brandl/data/hires-temp/public/MTQ3ODI2ODAzNWpwZzI=.jpg,http://petrbrandl.eu/katalog-del/detail-dila/?id=120
Sv. Petr,kolem 1710,Petr Brandl,"Praha, Národní galerie v Praze","Olej, plátno","95,5 × 81,5 cm",Národní galerie v Praze,Původní provenience není známa. Obraz byl zakoupen v roce 1937 od Rudolfa Ryšavého Spolkem výtvarných umělců Mánes a odtud se dostal do Státní sbírky starého umění (pozdější Národní galerie).,O 1585,Neznačeno,,Umístění dle archivní tabulky: Národní galerie v Praze | č.k. I-128 | Datování dle archivní tabulky: Kolem/po 1710,http://petrbrandl.eu/lib/mod/brandl/data/hires-temp/public/MTQ3OTk3ODcwOGpwZzI=.jpg,http://petrbrandl.eu/katalog-del/detail-dila/?id=121
Podobizna mladého muže s gestem na prstech,1710 až 1720,Petr Brandl,"Praha, Národní galerie v Praze","Olej, plátno",78 × 62 cm,Národní galerie v Praze,"Původní není známa. V 19, století byl v majetku MUDr, V. Weisse, poté (evidováno 1911) MUDr, J. Franty, 1944 zakoupen do Národní galerie v Praze.",O 2607,Neznačeno,,Umístění dle archivní tabulky: Národní galerie v Praze | č.k. I-129 | Datování dle archivní tabulky: Kolem 1710-20,http://petrbrandl.eu/lib/mod/brandl/data/hires-temp/public/MTQ5MDI3NzY2N2pwZzI=.jpg,http://petrbrandl.eu/katalog-del/detail-dila/?id=122
Hlava apoštola,kolem 1730,Petr Brandl – okruh,"Praha, Národní galerie v Praze","Olej, plátno","45,5 × 36 cm",Národní galerie v Praze,Obraz byl zakoupen roku 1923 do Obrazárny Společnosti vlasteneckých přátel umění (pozdější Národní galerie v Praze) od R. Ryšavého.,O 1347,Na rubu staré označení: Bran. (končí zkratkou),,Umístění dle archivní tabulky: Zničeno (Hamburg) | č.k. V-12 | Datování dle archivní tabulky: Kolem 1725,http://petrbrandl.eu/lib/mod/brandl/data/hires-temp/public/MTQ3ODI2NzEyMmpwZzI=.jpg,http://petrbrandl.eu/katalog-del/detail-dila/?id=123
Návrat ztraceného syna,kolem 1710,Petr Brandl,"Praha, Národní galerie v Praze","Olej, plátno","108,5 × 83,5 cm",Národní galerie v Praze,"Původní není známa. Obraz získal od R. Ryšavého roku 1918 J. Waldes, od něhož byl roku 1940 zakoupen Národní galerií (tehdy Státní sbírkou starého umění).",O 17337,Neznačeno,,Umístění dle archivní tabulky: Národní galerie v Praze | č.k. I-131 | Datování dle archivní tabulky: Kolem po 1710,http://petrbrandl.eu/lib/mod/brandl/data/hires-temp/public/MTQ3ODI2NzM4OGpwZzI=.jpg,http://petrbrandl.eu/katalog-del/detail-dila/?id=124
Podobizna staršího muže,kolem 1720,Petr Brandl,"Praha, Národní galerie v Praze","Olej, dřevo","68 × 48,3 cm",Národní galerie v Praze,"Původní není známa; v roce 1797 byl obraz zapůjčen do Obrazárny Společnosti vlasteneckých přátel umění svobodným pánem Václavem Vernierem de Rougemont (†1817); 1829 byl prodán za 30 zlatých hraběti Josefu Nostici-Rieneckovi (1764–1849) a ten jej do roku 1922 zapůjčil do Obrazárny Společnosti vlasteneckých přátel umění; v roce 1939 z nostického majetku dílo přešlo do majetku Richarda Morawetze (1881–1965), který jej zapůjčil do tehdejší Státní sbírky starého umění (pozdější Národní galerie); dílo v roce 1997 věnoval Národní galerii Oskar Morawetz (1917–2007).",O 17450,Neznačeno,,Umístění dle archivní tabulky: Národní galerie v Praze | č.k. I-133 | Datování dle archivní tabulky: Před nebo kolem 1720,http://petrbrandl.eu/lib/mod/brandl/data/hires-temp/public/MTQ3ODI2NzY0OWpwZzI=.jpg,http://petrbrandl.eu/katalog-del/detail-dila/?id=126
Podobizna muže,po 1720,Petr Brandl,"Praha, Národní galerie v Praze","Olej, plátno",67 × 49 cm,Národní galerie v Praze,"Původní není známa. Obraz se v 19. století nacházel ve Vídni ve sbírce rodu Kouniců, odkud se dostal do bratislavské sbírky Gaziosa Eney Lanfranconiho. V roce 1923 byl zakoupen z majetku Josefa Hlouchy do Obrazárny Společnosti vlasteneckých přátel umění (pozdější Národní galerie v Praze).",O 1364,Neznačeno,,Umístění dle archivní tabulky: Národní galerie v Praze | č.k. I-132 | Datování dle archivní tabulky: Kolem 1720-25,http://petrbrandl.eu/lib/mod/brandl/data/hires-temp/public/MTQ3ODI2NzUzMWpwZzI=.jpg,http://petrbrandl.eu/katalog-del/detail-dila/?id=128
Vlastní podobizna s gestem rukou,1722 až 1725,Petr Brandl,"Praha, Národní galerie v Praze","Olej, plátno",68 × 54 cm,Národní galerie v Praze,"V 80. letech 19. století se obraz nacházel ve sbírce prof. dr. Vilema Weisse (1835–1891) a poté ve sbírce H. Schüleina (počátek 20. století) v Mnichově. Neznámo kdy se poté dostal do sbírky Olgy Schienpfulgové v Praze. Ze soukromého majetku byl v roce 1995 dlouhodobě zapůjčen do Národní galerie v Praze, která jej zakoupila v roce 1998.",O 17424,Neznačeno,,Umístění dle archivní tabulky: Národní galerie v Praze | č.k. I-129 | Datování dle archivní tabulky: 1722-1725,http://petrbrandl.eu/lib/mod/brandl/data/hires-temp/public/MTQ3ODI2ODA2MmpwZzI=.jpg,http://petrbrandl.eu/katalog-del/detail-dila/?id=129
Poprsí apoštola (?) s gestem,kolem 1725,Petr Brandl,"Praha, Národní galerie v Praze","Olej, plátno",83 × 61 cm,Národní galerie v Praze,Původní není známa. Do Národní galerie v Praze byl obraz zakoupen v roce 1972.,O 12889,Neznačeno,,,http://petrbrandl.eu/lib/mod/brandl/data/hires-temp/public/MTQ3ODI2Nzc2MWpwZzI=.jpg,http://petrbrandl.eu/katalog-del/detail-dila/?id=130
Simeon s Ježíškem,po 1725,Petr Brandl,"Praha, Národní galerie v Praze","Olej, plátno",78 × 60 cm,Národní galerie v Praze,"Původní není známa. Obraz byl v roce 1815 zapůjčen Františkem Josefem hrabětem Šternberkem do Obrazárny Společnosti vlasteneckých přátel umění, který jej získal v roce 1816 do majetku Obrazárny. 1855 byl vrácen zeti Fr. J. hr. Šternberka hraběti Wallisovi a ten jej prodal G. Kratzmannovi. Od něho dílo odkoupil Vincenc Daněk z Esse a věnoval malbu roku 1888 Obrazárně Společnosti vlasteneckých přátel umění (pozdější Národní galerie).",O 578,Neznačeno,,Umístění dle archivní tabulky: Národní galerie v Praze | č.k. I-138 | Datování dle archivní tabulky: Po 1725,http://petrbrandl.eu/lib/mod/brandl/data/hires-temp/public/MTc1MjE1NDIxMmpwZzI=.jpg,http://petrbrandl.eu/katalog-del/detail-dila/?id=131
Podobizna šlechtice v bílé paruce,kolem 1725,Petr Brandl,"Praha, Národní galerie v Praze","Olej, plátno",65 × 50 cm,Národní galerie v Praze,"Původní není známa. Obraz je v roce 1802 evidován v majetku Františka Josefa hraběte Šternberka-Manderscheida (1763–1830). Dílo poté zdědila jeho dcera Leopoldina provdaná Sylva-Taroucová (1791–1870) a po její smrti syn Bedřich Sylva-Tarouca (1816–1881), který je 1856 natrvalo daroval Obrazárně Společnosti vlasteneckých přátel umění (pozdější Národní galerie v Praze).",O 49,Neznačeno,,Umístění dle archivní tabulky: Národní galerie v Praze | č.k. I-141 | Datování dle archivní tabulky: Kolem 1730,http://petrbrandl.eu/lib/mod/brandl/data/hires-temp/public/MTQ3ODI2NzQyOWpwZzI=.jpg,http://petrbrandl.eu/katalog-del/detail-dila/?id=132
Podobizna šlechtice,kolem 1730,Petr Brandl,"Praha, Národní galerie v Praze","Olej, plátno",54 × 42 cm,Národní galerie v Praze,Obraz věnoval Obrazárně Společnosti vlasteneckých přátel umění (pozdější Národní galerie v Praze) R. Ryšavý v roce 1930.,O 1479,Neznačeno,,,http://petrbrandl.eu/lib/mod/brandl/data/hires-temp/public/MTQ3ODI2NzU5MWpwZzI=.jpg,http://petrbrandl.eu/katalog-del/detail-dila/?id=133
Požár Sodomy a Gomory,1698,Petr Brandl,"Praha, Národní památkový ústav – generální ředitelství",,"118 × 177,5 cm",Národní památkový ústav - generální ředitelství,"Původní není známa. Spolu s protějškovým obrazem Požár Tróje, byla před druhou světovou válkou v majetku Z. Pštrosse v Praze a poté zkonfiskován a získán do fondu Státní památkové správy (nynější Národní památkový ústav).",VII 855,Signováno vlevo dole: P. Brandl 98,,"Umístění dle archivní tabulky: Národní památkový ústav, Praha | č.k. I-142",http://petrbrandl.eu/lib/mod/brandl/data/hires-temp/public/MTQ3OTc0MTQ1MmpwZzI=.jpg,http://petrbrandl.eu/katalog-del/detail-dila/?id=134
Požár Tróje,1698,Petr Brandl,"Praha, Národní památkový ústav – generální ředitelství","Olej, plátno","117,5 × 177,5 cm",Národní památkový ústav - generální ředitelství,"Původní není známa. Spolu s protějškovým obrazem Požár Sodomy a Gomory, byl před druhou světovou válkou v majetku Z. Pštrosse v Praze a poté zkonfiskován a získán do fondu Státní památkové správy (nynější Národní památkový ústav).",VII 856,Neznačno,,"Umístění dle archivní tabulky: Národní památkový ústav, Praha | č.k. I-143",http://petrbrandl.eu/lib/mod/brandl/data/hires-temp/public/MTQ3OTc0MTQ3NGpwZzI=.jpg,http://petrbrandl.eu/katalog-del/detail-dila/?id=135
Právní porada (svatební smlouva),kolem 1695,Petr Brandl,"Praha, Obrazárna Pražského hradu","Olej, plátno","106 × 140,7 cm",Správa Pražského hradu,"Původní není známa. Kdysi se údajně nacházel v polské sbírce hraběte Dziedusziskeho ve Lvově (Polsko), odtud jej získal Tadeusz Wiezejski a ten je prodal R. Ryšavému. Od něho se dílo dostalo do Brna do sbírky J. Hroneše, který malbu nabídl ke koupi Obrazárně Pražského hradu, která je v roce 1935 pořídila z Masarykova národního fondu.",HS 606,Signováno na listu otevřené knihy: Peter Brandl / pinxit,signováno,Umístění dle archivní tabulky: Obrazárna Pražského hradu | č.k. I-144 | Datování dle archivní tabulky: Kolem 1695,http://petrbrandl.eu/lib/mod/brandl/data/hires-temp/public/MTQ3OTc0MTQ5OGpwZzI=.jpg,http://petrbrandl.eu/katalog-del/detail-dila/?id=136
Sv. Pavel,před 1725,Petr Brandl,"Praha, Obrazárna Pražského hradu","Olej, plátno","91,5 × 74,2 cm",Správa Pražského hradu,Původní není známa. Obraz roku 1810 zapůjčil Josef hrabě Sweerts Obrazárně vlasteneckých přátel umění a dílo mu bylo navráceno 1857. V roce 1933 byl ze soukromého majetku (nezjištěno kterého) zakoupen pro sbírek Pražského hradu.,HS 515,Signováno vpravo dole fragmentárně: /Petr/us Brandl Pinxit,,Umístění dle archivní tabulky: Obrazárna Pražského hradu | č.k. I-145 | Datování dle archivní tabulky: Do 1725,http://petrbrandl.eu/lib/mod/brandl/data/hires-temp/public/MTQ3OTgyOTEwNmpwZzI=.jpg,http://petrbrandl.eu/katalog-del/detail-dila/?id=137
Dívka kupující drůbež (Prodavač drůbeže),kolem 1730,Petr Brandl – okruh,"Praha, Strahovská obrazárna","Olej, plátno","104,5 × 142,7 cm",Královská kanonie premonstrátů na Strahově,Původní není známa.,O1460,Neznačeno,,"Umístění dle archivní tabulky: Strahovská obrazárna, Praha | č.k. I-146 | Datování dle archivní tabulky: Po 1695",http://petrbrandl.eu/lib/mod/brandl/data/hires-temp/public/MTQ3OTgyNzc5NGpwZzI=.jpg,http://petrbrandl.eu/katalog-del/detail-dila/?id=138
Stařena kupující zajíce,kolem 1730,Petr Brandl – okruh,"Praha, Strahovská obrazárna","Olej, plátno","105,3 × 143,5 cm",Královská kanonie premonstrátů na Strahově,Původní není známa.,O 700,Neznačeno,,"Umístění dle archivní tabulky: Strahovská obrazárna, Praha | č.k. I-147 | Datování dle archivní tabulky: Po 1695",http://petrbrandl.eu/lib/mod/brandl/data/hires-temp/public/MTQ3OTgyODM5OGpwZzI=.jpg,http://petrbrandl.eu/katalog-del/detail-dila/?id=139
Sv. Pavel,před 1700,Petr Brandl,"Praha, Strahovská obrazárna","Olej, plátno","75 × 55,5 cm",Královská kanonie premonstrátů na Strahově,Původní není známa. Ve strahovské obrazárně je obraz evidován v inventáři z let 1842–1850. protějškovým obrazem je sv. Petr.,O 548,Neznačeno,,"Umístění dle archivní tabulky: Strahovská obrazárna, Praha | č.k. I-148 | Datování dle archivní tabulky: Před 1700?",http://petrbrandl.eu/lib/mod/brandl/data/hires-temp/public/MTQ3OTgyOTEzMmpwZzI=.jpg,http://petrbrandl.eu/katalog-del/detail-dila/?id=140
Sv. Petr,před 1700,Petr Brandl,"Praha, Strahovská obrazárna","Olej, plátno","76 × 56,5 cm",Královská kanonie premonstrátů na Strahově,Původní není známa. Ve strahovské obrazárně je obraz evidován v inventáři z let 1842–1850. protějškovým obrazem je sv. Pavel.,O 547,Neznačeno,,"Umístění dle archivní tabulky: Strahovská obrazárna, Praha | č.k. I-149 | Datování dle archivní tabulky: Před 1700?",http://petrbrandl.eu/lib/mod/brandl/data/hires-temp/public/MTQ3OTgyOTE2OGpwZzI=.jpg,http://petrbrandl.eu/katalog-del/detail-dila/?id=141
Kuřák,kolem 1700,Petr Brandl,"Praha, Strahovská obrazárna","Olej, plátno",87 × 66 cm,Královská kanonie premonstrátů na Strahově,Původní není známa. Ve strahovské obrazárně je evidován v inventáři z let 1842–1850.,O 544,Neznačeno,,"Umístění dle archivní tabulky: Strahovská obrazárna, Praha | č.k. I-150 | Datování dle archivní tabulky: Kolem 1700",http://petrbrandl.eu/lib/mod/brandl/data/hires-temp/public/MTQ3OTgyODE0OGpwZzI=.jpg,http://petrbrandl.eu/katalog-del/detail-dila/?id=142
Vlastní podobizna v paruce (zv. Strahovská),kolem 1703,Petr Brandl,"Praha, Strahovská obrazárna","Olej, plátno","74 × 58,8 cm",Královská kanonie premonstrátů na Strahově,Původní není známá. Obraz je ve strahovské obrazárně evidován v inventáři z let 1842–1850.,O 543,Neznačeno,,"Umístění dle archivní tabulky: Strahovská obrazárna, Praha | č.k. I-151 | Datování dle archivní tabulky: Kolem 1703",http://petrbrandl.eu/lib/mod/brandl/data/hires-temp/public/MTQ3OTgyOTU1NGpwZzI=.jpg,http://petrbrandl.eu/katalog-del/detail-dila/?id=143
Sv. Josef s Ježíškem s andělem,kolem 1708,Petr Brandl,"Praha, Strahovská obrazárna","Olej, plátno","175,5 × 102,7 cm",Královská kanonie premonstrátů na Strahově,"Spolu s obrazem Umučení sv. Vavřince byl původně určen do kostela premonstrátek v Doksanech, kde byl v roce 1774 nahrazen malbami od Ludvíka Kohla. Po zrušení kláštera (1782) se dostal do obrazárny kláštera premonstrátů na Strahově.",O 546,Neznačeno,,"Umístění dle archivní tabulky: Strahovská obrazárna, Praha | č.k. I-152 | Datování dle archivní tabulky: Kolem 1708",http://petrbrandl.eu/lib/mod/brandl/data/hires-temp/public/MTQ3OTgyOTA3N2pwZzI=.jpg,http://petrbrandl.eu/katalog-del/detail-dila/?id=144
Umučení sv. Vavřince,kolem 1708,Petr Brandl,"Praha, Strahovská obrazárna","Olej, plátno","175,5 × 102,7 cm",Královská kanonie premonstrátů na Strahově,"Spolu s obrazem Sv. Josef s Ježíškem a andělem byl původně určen do kostela premonstrátek v Doksanech, kde byl v roce 1774 nahrazen malbami od Ludvíka Kohla. Po zrušení kláštera (1782) se dostal do obrazárny kláštera premonstrátů na Strahově.",O 545,Neznačeno,,"Umístění dle archivní tabulky: Strahovská obrazárna, Praha | č.k. I-153 | Datování dle archivní tabulky: Kolem 1708",http://petrbrandl.eu/lib/mod/brandl/data/hires-temp/public/MTQ3OTgyOTMzN2pwZzI=.jpg,http://petrbrandl.eu/katalog-del/detail-dila/?id=145
Nalezení těla sv. Jana Nepomuckého,po 1720,Petr Brandl – kopie podle,"Praha, Strahovská obrazárna","Olej, plátno","90,3 × 57,5 cm",Královská kanonie premonstrátů na Strahově,Původní není známa. Ve strahovské obrazárně je evidován v inventáři z let 1842–1850.,O 719,Neznačeno,archivně doloženo,"Umístění dle archivní tabulky: Ztracené, dříve kostel sv. Kříže Většího, Praha - Staré Město | č.k. V-85 | Datování dle archivní tabulky: 1699",http://petrbrandl.eu/lib/mod/brandl/data/hires-temp/public/MTQ3OTgyODE2N2pwZzI=.jpg,http://petrbrandl.eu/katalog-del/detail-dila/?id=146
Hlava starce v profilu,kolem 1700,Petr Brandl,"Praha, soukromá sbírka","Olej, plátno","53,3 × 45,5 cm",Soukromá sbírka,Původní není známa. Podle nápisu na rubu rámu se obraz nacházel ve sbírce majitele továrny Ignáce Kretschmera.,,Neznačeno,,Umístění dle archivní tabulky: Soukromá sbírka | č.k. I-156 | Datování dle archivní tabulky: Kolem 1700,http://petrbrandl.eu/lib/mod/brandl/data/hires-temp/public/MTQ5MDI3NDAzMWpwZzI=.jpg,http://petrbrandl.eu/katalog-del/detail-dila/?id=148
Tři putti (Tři dětské postavy),kolem 1700,Petr Brandl,"Praha, soukromá sbírka","Olej, plátno","86,5 × 75 cm",Soukromá sbírka,Původní není známa.,,Neznačeno,,Umístění dle archivní tabulky: Soukromá sbírka | č.k. I-157 | Datování dle archivní tabulky: Po 1700,http://petrbrandl.eu/lib/mod/brandl/data/hires-temp/public/MTQ3OTgyNzY0M2pwZzI=.jpg,http://petrbrandl.eu/katalog-del/detail-dila/?id=149
Rodinná podobizna Ferdinanda Hroznaty hr. Kokořovského z Kokořova s dcerami a syny,kolem 1700,Petr Brandl,"Praha, soukromá sbírka","Olej, plátno",258 × 300 cm,Soukromá sbírka,"Obraz objednal Ferdinand Hroznata hr. Kokořovský z Kokořova pro své sídlo ve Žluticích. V první polovině 18. století byl přenesen do nového vybudovaného zámku Kokořovských ve Štědré. Zřejmě v 19. století se dílo dostalo na zámek ve Vizovicích a odtud bylo převezeno na zámek v Uhřicích. Po roce 1945 se nacházel na zámku v Miloticích a následně byl v restituci navrácen majiteli zámku Uhřice. V roce 2001 portrét odkoupil soukromý sběratel, který jej prodal v aukci síně Arthouse Hejtmánek (13.6.2013) a portrét se dostal opět do držení soukromého majitele.",,Signováno vlevo dole: Petrus Brandl pinx 170?,archivně doloženo,"Umístění dle archivní tabulky: Praha, soukromá sbírka | č.k. I-158 | Datování dle archivní tabulky: 1705",http://petrbrandl.eu/lib/mod/brandl/data/hires-temp/public/MTQ3OTgyODMxNmpwZzI=.jpg,http://petrbrandl.eu/katalog-del/detail-dila/?id=150
Svatá Rodina,po 1705,Petr Brandl,"Praha, soukromá sbírka","Olej, plátno","100 × 77,5 cm",Soukromá sbírka,"Původní není známa. Obraz v roce 1879 získal Hugo Toman, později jeho syn Prokop. Dílo poté odkoupil Prof. Jaromír Neumann a později se dostalo do soukromého majetku v Praze.",,Neznačeno,,Umístění dle archivní tabulky: Soukromá sbírka | č.k. I-159 | Datování dle archivní tabulky: Po 1705,http://petrbrandl.eu/lib/mod/brandl/data/hires-temp/public/MTQ3OTgyOTQxNGpwZzI=.jpg,http://petrbrandl.eu/katalog-del/detail-dila/?id=151
Nanebevzetí Panny Marie,asi 1728,Petr Brandl,"Praha, soukromá sbírka","Olej, plátno",106 × 61 cm,Soukromá sbírka,"Obraz je přípravným modelletem pro obraz určený na hlavní oltář konventního kostela cisterciáků v Sedlci u Kutné Hory, který objednal opat Ota Zahrádecký.",,Neznačeno,"signováno, datováno, archivně doloženo","Umístění dle archivní tabulky: Kostel sv. Vavřince, Vysoké Mýto | č.k. I-176 | Datování dle archivní tabulky: 1728",http://petrbrandl.eu/lib/mod/brandl/data/hires-temp/public/MTQ3OTgyODE5NmpwZzI=.jpg,http://petrbrandl.eu/katalog-del/detail-dila/?id=152
Nanebevzetí Panny Marie (Assumpta),1725 až 1730,Petr Brandl – dílna,"Praha, soukromá sbírka","Olej, plátno","152 × 113,5 cm",Soukromá sbírka,"Obraz se nacházel v budově arciděkanství v Hradci Králové, v roce 1990 jej děkan Jonáš prodal do soukromého majetku.",,Neznačeno,,"Umístění dle archivní tabulky: Kostel sv. Josefa, Praha - St. Město | č.k. I-82 | Datování dle archivní tabulky: 1710",http://petrbrandl.eu/lib/mod/brandl/data/hires-temp/public/MTQ3OTgyNzUyOGpwZzI=.jpg,http://petrbrandl.eu/katalog-del/detail-dila/?id=153
Smrt sv. Františka Xaverského,1710 až 1715,Petr Brandl,"Prostějov, Muzeum a galerie v Prostějově","Olej, plátno","127,5 × 90,2 cm",Muzeum a galerie v Prostějově,"Původní není známa; v roce 1796 byl obraz na dobu deseti let zapůjčen ze sbírky Františka Josefa hraběte Šternberk-Manderschied (1763–1830) do Obrazárny Společnosti vlasteneckých přátel umění; 1854 obraz zdědila dcera hraběte Marie Leopoldina provdaná Sylva-Tarroucová (1791–1870); malíř Josef Mánes pak dílo vytipoval k vystavení na rodovém zámku Sylva-Tarrouců v Čechách pod Kosířem, odkud se dostal do muzea v Prostějově.",O 638,Neznačeno,,Umístění dle archivní tabulky: Muzeum a galerie v Prostějově | č.k. I-162 | Datování dle archivní tabulky: 1710–1715,http://petrbrandl.eu/lib/mod/brandl/data/hires-temp/public/MTQ3OTgyODM4MGpwZzI=.jpg,http://petrbrandl.eu/katalog-del/detail-dila/?id=154
Kristus na hoře Olivetské,kolem 1720,Petr Brandl,"Sacramento (USA), The Crocker Art Museum","Olej, plátno","80,9 × 56,8 cm","The Crocker Art Museum, Sacramento","Obraz se původně nacházel v zámecké kapli v Lysé nad Labem. Tamní zámek vlastnil rod Černínů, který jej prodal Františku Antonínu hraběti Šporkovi. 1796 se dostal do majetku Františka hraběte Šternberka, který jej zapůjčil do obrazárny Společnosti vlasteneckých přátel umění; 1847 jej dal hrabě do dražby v Drážďanech; 1871 byl získán E. B. Crockerem do Crocker Art Museum.",1872/458,signováno vpravo dole: P. Brandl pinxit,,Umístění dle archivní tabulky: Museum | č.k. I-20 | Datování dle archivní tabulky: Kolem/po 1720,http://petrbrandl.eu/lib/mod/brandl/data/hires-temp/public/MTQ3OTgyODEyOGpwZzI=.jpg,http://petrbrandl.eu/katalog-del/detail-dila/?id=155
Klanění tří králů,1727,Petr Brandl,"Smiřice, zámecká kaple Zjevení Páně","Olej, plátno",470 × 270 cm,Městský úřad Smiřice,"Obraz do zámecké kaple pravděpodobně objednala kněžna Marie Terezie Violanta Šternberková, provdaná Paarová (1699–1761).",,Signováno vpravo od středu na stupni: PETRUS BRANDL. Pinxit. A 1727,"signováno, datováno","Umístění dle archivní tabulky: Zámecká kaple, Smiřice | č.k. I-104",http://petrbrandl.eu/lib/mod/brandl/data/hires-temp/public/MTQ3OTgyNzg3OGpwZzI=.jpg,http://petrbrandl.eu/katalog-del/detail-dila/?id=156
Sv. Blažej uzdravuje nemocnou dívku,1727,Petr Brandl,"Smiřice, zámecká kaple Zjevení Páně","Olej, plátno",164 × 116 cm,Městský úřad Smiřice,"Obraz do zámecké kaple spolu s obrazem Klanění Tří králů pravděpodobně objednala kněžna Marie Terezie Violanta Šternberková, provdaná Paarová (1699–1761).",,Neznačeno,,"Umístění dle archivní tabulky: Zámecká kaple, Smiřice | č.k. I-105",http://petrbrandl.eu/lib/mod/brandl/data/hires-temp/public/MTQ3OTgyODk5NWpwZzI=.jpg,http://petrbrandl.eu/katalog-del/detail-dila/?id=157
Sv. Josef s Ježíškem,1705 až 1710,Petr Brandl,"Soukromá sbírka, lokace neznámá","Olej, plátno","81,9 × 69 cm",Soukromá sbírka,Původní není známa. V roce 1911 byl vystaven na výstavě P. Brandla jako majetek Josefa Vávry – ředitele měšťanských škol v Ivančičích na Moravě. Později se dostal do jiného soukromého majetku (nezjištěno). V roce 2014 se dražil v aukční síni Fine Antiques Prague a odtud se dostal do soukromého majetku.,,Signováno vlevo dole: P. Brandl pinxit,signováno,Umístění dle archivní tabulky: Soukromá sbírka | č.k. I-166 | Datování dle archivní tabulky: 1705–1710,http://petrbrandl.eu/lib/mod/brandl/data/hires-temp/public/MTQ3OTgyOTA1NWpwZzI=.jpg,http://petrbrandl.eu/katalog-del/detail-dila/?id=158
Hlava apoštola,kolem 1710,Petr Brandl,"Soukromá sbírka, lokace neznámá","Olej, plátno","57 × 43,2 cm",Soukromá sbírka,Původní není známa. V roce 1798 obraz zapůjčil do obrazárny Společnosti vlasteneckých přátel umění Antonín kníže Lobkovic (ovšem jako dílo Johanna Fibinga). 1852 byl obraz na lobkovickém sídle na zámku v Mělníce. 10. 11. 2010 vydražen aukční síní 1. art Consulting Brno–Praha (číslo položky 2).,,Neznačeno,,Umístění dle archivní tabulky: Soukromá sbírka (neznámá lokace) | č.k. I-167 | Datování dle archivní tabulky: Kolem 1710,http://petrbrandl.eu/lib/mod/brandl/data/hires-temp/public/MTQ3OTgyNzgxM2pwZzI=.jpg,http://petrbrandl.eu/katalog-del/detail-dila/?id=159
David s hlavou Goliášovou,po 1710,Petr Brandl,"Lokace neznámá, zřejmě soukromá sbírka v České republice.","Olej, plátno","141 × 107,5 cm",Soukromá sbírka,Původní není známa. V roce 1807 obraz zapůjčil do obrazárny Společnosti vlasteneckých přátel umění Antonín Isidor kníže Lobkovic. 1852 byl obraz na lobkovickém sídle na zámku v Mělníce. 25. 11. 2009 vydražen aukční síní 1. art Consulting Brno – Praha (kód položky 31680).,,Neznačeno,,"Umístění dle archivní tabulky: Soukromá sbírka (lokace neznámá, původně Lobkovicové Mělník) | č.k. I-168 | Datování dle archivní tabulky: Po 1710",http://petrbrandl.eu/lib/mod/brandl/data/hires-temp/public/MTQ3OTgyNzcxN2pwZzI=.jpg,http://petrbrandl.eu/katalog-del/detail-dila/?id=160
Zvěstování Panně Marii,1697,Petr Brandl,"Svatá Hora, klášter redemptoristů","Olej, plátno","235 × 132,5 cm",Arcibiskupství pražské,Obraz pro Pražskou kapli v jezuitském areálu poutního místa na Svaté Hoře objednal magistrát Prahy-Starého Města v roce 1697.,,Neznačeno,,,http://petrbrandl.eu/lib/mod/brandl/data/hires-temp/public/MTQ3OTgyOTY1OGpwZzI=.jpg,http://petrbrandl.eu/katalog-del/detail-dila/?id=161
Zvěstování Panně Marii: Archanděl Gabriel,kolem 1705,Petr Brandl,"Teplá, klášter premonstrátů","Olej, plátno","47,4 × 35,3 cm",Kanonie premonstrátů Teplá,Původní není známa.,,Neznačeno,,"Umístění dle archivní tabulky: Klášter premonstrátů, Teplá | č.k. I-171 | Datování dle archivní tabulky: Kolem 1705 (?)",http://petrbrandl.eu/lib/mod/brandl/data/hires-temp/public/MTQ3OTgyOTU4MmpwZzI=.jpg,http://petrbrandl.eu/katalog-del/detail-dila/?id=162
Zvěstování Panně Marii: Panna Marie,kolem 1705,Petr Brandl,"Teplá, klášter premonstrátů","Olej, plátno","47 × 35,3 cm",Kanonie premonstrátů Teplá,Původní není známa.,,Neznačeno,,"Umístění dle archivní tabulky: nezvěstné, dříve zámecká obrazárna Rychnov n. Kněžnou | č.k. V-205 | Datování dle archivní tabulky: Po 1695",http://petrbrandl.eu/lib/mod/brandl/data/hires-temp/public/MTQ3OTgyOTU5NWpwZzI=.jpg,http://petrbrandl.eu/katalog-del/detail-dila/?id=163
Sv. Jakub Větší,1727 až 1728,Petr Brandl,"Úpice, kostel sv. Jakuba","Olej, plátno",274 × 140 cm,Biskupství královéhradecké,Obraz byl Brandlem malován v Hradci Králové a do kostela sv. Jakuba Většího v Úpici donesen roku 1727.,,Neznačeno,archivně doloženo,Umístění dle archivní tabulky: Kostel Úpice | č.k. I-173 | Datování dle archivní tabulky: 1727–1728,http://petrbrandl.eu/lib/mod/brandl/data/hires-temp/public/MTQ3OTgyOTAyMGpwZzI=.jpg,http://petrbrandl.eu/katalog-del/detail-dila/?id=164
Sv. Petr,1700 až 1705,Petr Brandl,"Vídeň, soukromá sbírka","Olej, plátno",75 × 52 cm,Soukromá sbírka,Původní není známa.,,Neznačeno,,Umístění dle archivní tabulky: Soukromá sbírka Vídeň | č.k. I-174 | Datování dle archivní tabulky: 1700–1705,http://petrbrandl.eu/lib/mod/brandl/data/hires-temp/public/MTQ5MDI3NTU4OGpwZzI=.jpg,http://petrbrandl.eu/katalog-del/detail-dila/?id=165
Vlastní podobizna (zv. Vídeňská),1705 až 1710,Petr Brandl,"zřejmě Vídeň, soukromá sbírka","Olej, plátno","61,7 × 48,3 cm",Soukromá sbírka,Původní není známa.,,"Na rubu plátna bylo před rentoilováním označení: BRANDL, na slepém rámu je číslo aukční síně Dorotheum: Dep. N. 22935 a staré číslo 20",,"Umístění dle archivní tabulky: Soukromá sbírka, Vídeň | č.k. I-175 | Datování dle archivní tabulky: 1705–1710",http://petrbrandl.eu/lib/mod/brandl/data/hires-temp/public/MTQ4OTUwMTI1M2pwZzI=.jpg,http://petrbrandl.eu/katalog-del/detail-dila/?id=166
Nanebevzetí Panny Marie,1728,Petr Brandl,"Vysoké Mýto, kostel sv. Vavřince","Olej, plátno","703,5 × 296 cm",Biskupství královéhradecké,"Obraz původně zdobil hlavní oltář konventního kostela cisterciáků v Sedlci u Kutné Hory, který objednal opat Ota Zahrádecký za cenu 4000 zlatých. 1784 byl klášter spolu s kostelem zrušen a jeho vybavení rozprodáno – Brandlova malba byla v roce 1787 zakoupena do kostela sv. Vavřince ve Vysokém Mýtu.",,Signováno vpravo dole: Petrus. Brandl: pinxit: Anno. 1728,,"Umístění dle archivní tabulky: Slezské zemské muzeum, Opava | č.k. I-74 | Datování dle archivní tabulky: Asi 1709",http://petrbrandl.eu/lib/mod/brandl/data/hires-temp/public/MTQ3OTgyODIyMGpwZzI=.jpg,http://petrbrandl.eu/katalog-del/detail-dila/?id=167
Uzdravení slepého Tobiáše,kolem 1710,Petr Brandl,"Vyšší Brod, cisterciácký klášter – obrazárna","Olej, plátno","134 × 149,3 cm",Cisterciácké opatství Vyšší Brod,"Původní není známa. Kdy se dílo dostalo do obrazárny cisterciáckého kláštera, kde je písemně evidováno v roce 1888, není známo.",,Neznačeno,,Umístění dle archivní tabulky: Klášter Vyšší Brod | č.k. I-177 | Datování dle archivní tabulky: Kolem 1710,http://petrbrandl.eu/lib/mod/brandl/data/hires-temp/public/MTQ3OTgyOTQ0NWpwZzI=.jpg,http://petrbrandl.eu/katalog-del/detail-dila/?id=168
Tři ženy a lovec,před 1720,Petr Brandl,"Vyšší Brod, klášterní obrazárna","Olej, plátno","130 × 144,5 cm",Cisterciácké opatství Vyšší Brod,"Obraz objednal František Josef hrabě Černín (1697–1733) v roce 1721 za cenu 600 zlatých. Kdy se dílo dostalo do obrazárny cisterciáckého kláštera, kde je písemně evidováno v roce 1888, není známo.",,Neznačeno,archivně doloženo,Umístění dle archivní tabulky: Obrazárna cisterciáckého kláštera Vyšší Brod | č.k. I-178 | Datování dle archivní tabulky: Před 1720,http://petrbrandl.eu/lib/mod/brandl/data/hires-temp/public/MTQ3OTgyOTM4M2pwZzI=.jpg,http://petrbrandl.eu/katalog-del/detail-dila/?id=169
Umučení sv. Vavřince,po 1708,Petr Brandl,"Londýn, sbírka C. M. Lawrence","Kresba perem, hnědým tónem lavírovaná na nažloutlém papíře",,"Sbírka C. M. Lawrence, Londýn",,,Značeno vpravo dole dodatečně: Petr Brandl fecit / et invenit:,,,http://petrbrandl.eu/lib/mod/brandl/data/hires-temp/public/MTQ4OTUwMTExMWpwZzI=.jpg,http://petrbrandl.eu/katalog-del/detail-dila/?id=170
Klečící světec (sv. Petr),kolem 1711,Petr Brandl - připsáno,"Austin (Texas), Blanton Museum of Art",Kresba černou a bílou křídou a hnědou olejovou barvou /emulzí/ na papíře,294 × 190 mm,"Sbírka Suida-Manning, New York","Původní není známa. Kresba byla v majetku Wilhema Suidy-Manning (1877–1959) a jeho manželky Eugénie, nyní je chována v Blanton Museum of Art.",,Neznačeno,,,http://petrbrandl.eu/lib/mod/brandl/data/hires-temp/public/MTQ4OTUwMjM4NWpwZzI=.jpg,http://petrbrandl.eu/katalog-del/detail-dila/?id=174
Studie k poprsí Panny Marie,po 1710,Petr Brandl (?),"Norimberk, Germanisches Museum",Kresba černou křídou na modrošedém papíře,272 × 175 mm,Germanisches Nationalmuseum Norimberk,,BR. 4520 HZ 4059,Dodatečně vlevo dole perem hnědým tónem: Peter Brandl,,,http://petrbrandl.eu/lib/mod/brandl/data/hires-temp/public/MTQ5MDI3NjQ4M2pwZzI=.jpg,http://petrbrandl.eu/katalog-del/detail-dila/?id=175
Sv. Josef s Ježíškem a Panna Marie,asi 1697,Petr Brandl,"Praha, Národní archiv","Kresba perem a štětcem, hnědě lavírovaná na nažloutlém papíře",310 × 183 mm,Národní archiv,,KP 80,"Na soklu: Petrus Brandl fe, v rozích dodatečně vepsán letopočet 17/20",,,http://petrbrandl.eu/lib/mod/brandl/data/hires-temp/public/MTQ4OTUwMTA1M2pwZzI=.jpg,http://petrbrandl.eu/katalog-del/detail-dila/?id=176
Studie dětských hlav a rukou podle sádrových odlitků,kolem 1695,Petr Brandl ?,"Praha, Národní galerie v Praze","Kresba uhlem nebo černou křídou, vysvětlovaná bílou křídou na modrošedém papíře",356 × 220 mm,Národní galerie v Praze,Do Národní galerie byla kresba získána z Národního muzea v roce 1949.,K 21806,Dodatečně dole uprostřed perem hnědým tónem: Peter Brandl,,,http://petrbrandl.eu/lib/mod/brandl/data/hires-temp/public/MTQ4ODIwNzMzMWpwZzI=.jpg,http://petrbrandl.eu/katalog-del/detail-dila/?id=177
Studie tří dětských a tří dívčích hlav,kolem 1695,Petr Brandl,"Praha, Národní galerie v Praze","Kresba uhlem nebo černou křídou, vysvětlovaná bílou křídou na modrošedém papíře",373 × 223 mm,Národní galerie v Praze,Kresba byla v roce 1949 převedena z Národního muzea do Národní galerie v Praze.,K 23608,Dodatečně dole uprostřed perem hnědým tónem: Peter Brandl,,,http://petrbrandl.eu/lib/mod/brandl/data/hires-temp/public/MTQ4ODIwODM3NWpwZzI=.jpg,http://petrbrandl.eu/katalog-del/detail-dila/?id=178
Studie sedící ženské postavy,po 1700,Petr Brandl,"Praha, Národní galerie v Praze",Kresba červenou rudkou vysvětlovaná bílou křídou na modrošedém papíře,275 × 187 mm,Národní galerie v Praze,"Kresbu vlastnil malíř Josef Mánes, z jeho pozůstalosti ji získal Vojtěch Lanna a kresbu daroval roku 1888 Obrazárně Společnosti vlasteneckých přátel umění.",K 1028,Dodatečně dole uprostřed perem hnědým tónem: Petr Brandl,,,http://petrbrandl.eu/lib/mod/brandl/data/hires-temp/public/MTQ4ODIwODMxOGpwZzI=.jpg,http://petrbrandl.eu/katalog-del/detail-dila/?id=179
Studie tří andílčích hlav,kolem 1710,Petr Brandl,"Praha, Národní galerie v Praze","Kresba uhlem nebo černou křídou, vysvětlovaná bílou křídou na modrošedém papíře",160 × 295 mm,Národní galerie v Praze,Kresba byla získána v roce 1927 do Obrazárny Společnosti vlasteneckých přátel umění (pozdější Národní galerie v Praze).,K 4515,Vpravo dodatečně perem hnědým tónem obvyklým rukopisem: Peter Brandel,,,http://petrbrandl.eu/lib/mod/brandl/data/hires-temp/public/MTQ4ODIwODM1NWpwZzI=.jpg,http://petrbrandl.eu/katalog-del/detail-dila/?id=180
Náčrt k podobizně muže,kolem 1710,Petr Brandl,"Praha, Národní galerie v Praze","Kresba uhlem nebo černou křídou, vysvětlovaná bílou křídou na modrošedém papíře",313 × 186 mm,Národní galerie v Praze,"Kresbu vlastnil malíř Josef Mánes, z jeho pozůstalosti ji získal Vojtěch Lanna a kresbu daroval roku 1886 Obrazárně Společnosti vlasteneckých přátel umění.",K 361,Dodatečně perem hnědým tónem vpravo dole: Peter Brandl,,,http://petrbrandl.eu/lib/mod/brandl/data/hires-temp/public/MTQ4ODIwODEyOGpwZzI=.jpg,http://petrbrandl.eu/katalog-del/detail-dila/?id=181
Studie k podobizně muže,kolem 1710,Petr Brandl,"Praha, Národní galerie v Praze","Kresba černou křídou /uhlem/, vysvětlovaná bílou křídou na modrošedém papíře",330 × 205 mm,Národní galerie v Praze,"Kresbu vlastnil malíř Josef Mánes, z jeho pozůstalosti ji získal Vojtěch Lanna a kresbu daroval roku 1886 Obrazárně Společnosti vlasteneckých přátel umění.",K 23606,Dodatečně vpravo dole perem hnědým tónem: Petr Brandl,,,http://petrbrandl.eu/lib/mod/brandl/data/hires-temp/public/MTQ4ODIwODIxNWpwZzI=.jpg,http://petrbrandl.eu/katalog-del/detail-dila/?id=182
Studie (skica) rukou,kolem 1710,Petr Brandl - asi,"Praha, Národní galerie v Praze","Kresba černou křídou /uhlem/, vysvětlovaná bílou křídou na modrošedém papíře",133 × 178 mm,Národní galerie v Praze,"Kresbu vlastnil malíř Josef Mánes, z jeho pozůstalosti ji získal Vojtěch Lanna a kresbu daroval roku 1888 Obrazárně Společnosti vlasteneckých přátel umění.",K 1127,Dodatečně vpravo dole perem hnědým tónem: Petr Brandl,,,http://petrbrandl.eu/lib/mod/brandl/data/hires-temp/public/MTQ4ODIwNzgxNWpwZzI=.jpg,http://petrbrandl.eu/katalog-del/detail-dila/?id=183
Studie rukou se šátkem,po 1710,Petr Brandl,"Praha, Národní galerie v Praze","Kresba černou křídou /uhlem/, vysvětlovaná bílou křídou na modrošedém papíře",330 × 206 mm,Národní galerie v Praze,Kresba byla v roce 1949 převedena z Národního muzea do Národní galerie v Praze.,K 23607,Dodatečně dole uprostřed perem hnědým tónem: Peter Brandl,,,http://petrbrandl.eu/lib/mod/brandl/data/hires-temp/public/MTQ4ODIwODI5NWpwZzI=.jpg,http://petrbrandl.eu/katalog-del/detail-dila/?id=184
Sv. Petr Tomáš z řádu karmelitánů před sochou Madony,kolem 1710,Petr Brandl,"Praha, Národní galerie v Praze","Kresba perem sépií, tuší lavírovaná na žlutavém papíře",225 × 150 mm,Národní galerie v Praze,Do Národní galerie v Praze zakoupeno v roce 1955.,K 30849,Neznačeno,,,http://petrbrandl.eu/lib/mod/brandl/data/hires-temp/public/MTQ4ODIwODQ2OWpwZzI=.jpg,http://petrbrandl.eu/katalog-del/detail-dila/?id=185
Klanění pastýřů,asi 1713,Petr Brandl,"Praha, Národní galerie v Praze","Kresba perem, šedě lavírovaná na nažloutlém papíře",177 × 132 mm,Národní galerie v Praze,Kresba byla do Národní galerie převedena v roce 1949 z Národního muzea.,K 23604,Značeno dodatečně vpravo dole perem (Ferdinand) (škrtnuto) Brandl delineavit,,,http://petrbrandl.eu/lib/mod/brandl/data/hires-temp/public/MTQ4ODIwNzk5NWpwZzI=.jpg,http://petrbrandl.eu/katalog-del/detail-dila/?id=186
Anděl s kalichem,kolem 1720,Petr Brandl - připsáno,"Praha, Národní galerie v Praze","Kresba grafitem a perem, hnědě lavírovaná na nahnědlém papíře",130 × 109 mm,Národní galerie v Praze,Kresba byla zakoupena v roce 1940 od dr. E. Šafaříka.,K 7105,Neznačeno,,,http://petrbrandl.eu/lib/mod/brandl/data/hires-temp/public/MTQ4ODIwNzY3NmpwZzI=.jpg,http://petrbrandl.eu/katalog-del/detail-dila/?id=187
Klečící světec,1721,Petr Brandl,"Praha, Národní galerie v Praze","Kresba černou křídou a štětcem tmavou olejovou barvou, vysvětlovaná štětcem krycí bělobou na hnědém papíře",224 × 185 mm,Národní galerie v Praze,Do Národní galerie v Praze získáno v roce 1927.,K 4514,Neznačeno,,,http://petrbrandl.eu/lib/mod/brandl/data/hires-temp/public/MTQ4ODIwODA0OWpwZzI=.jpg,http://petrbrandl.eu/katalog-del/detail-dila/?id=188
Studie k podobizně muže v alonžové paruce,po 1720,Petr Brandl ?,"Praha, Národní galerie v Praze","Recto: kresba černou křídou /uhlem/, vysvětlovaná bělobou na modrošedém papíře, verso: kresba černou křídou",295 × 180 mm,Národní galerie v Praze,"Kresbu vlastnil Josef Mánes, z jeho pozůstalosti ji získal Vojtěch Lanna a kresbu daroval roku 1886 Obrazárně Společnosti vlasteneckých přátel umění.",K 360,Vpravo dole Lannovou rukou: Aus Joseph Manes’ Nachlasse. A. Lanna,,,http://petrbrandl.eu/lib/mod/brandl/data/hires-temp/public/MTQ4ODIwNzIyMWpwZzI=.jpg,http://petrbrandl.eu/katalog-del/detail-dila/?id=189
Sen proroka Eliáše,kolem 1730,Petr Brandl – okruh,"Praha, Národní galerie v Praze","Kresba perem, hnědě lavírovaná na zahnědlém papíře",180 × 135 mm,Národní galerie v Praze,Kresba byla v roce 1949 převedena z Národního muzea do Národní galerie v Praze.,K 27923,Neznačeno,,,http://petrbrandl.eu/lib/mod/brandl/data/hires-temp/public/MTQ4ODIwNzU5MGpwZzI=.jpg,http://petrbrandl.eu/katalog-del/detail-dila/?id=190
Sen proroka Eliáše,asi 1724,Petr Brandl?,"Praha, Národní galerie v Praze","Recto: kresba grafitem a štětcem, modrošedě lavírovaná na nažloutlém papíře, verso: skica ležícího proroka a pauza letícího anděla, kresba grafitem a černou křídou",359 × 443 mm,Národní galerie v Praze,"Kresba bývala ve sbírce malířky Zdenky Braunerové, později v majetku Sdružení českých umělců grafiků Hollar, odkud byla v roce 1950 zakoupena do Národní galerie v Praze.",K 18622,Neznačeno,,,http://petrbrandl.eu/lib/mod/brandl/data/hires-temp/public/MTQ4ODIwNzQwNGpwZzI=.jpg,http://petrbrandl.eu/katalog-del/detail-dila/?id=191
Studie rukou,1724,Petr Brandl,"Praha, Národní galerie v Praze","Kresba uhlem nebo černou křídou, vysvětlovaná bílou křídou na modrošedém papíře",308 × 179 mm,Národní galerie v Praze,"Kresbu vlastnil Josef Mánes, z jeho pozůstalosti ji získal Vojtěch Lanna a kresbu daroval roku 1886 Obrazárně Společnosti vlasteneckých přátel umění.",K 362,Dodatečně dole uprostřed perem hnědým tónem: Peter Brandl,,,http://petrbrandl.eu/lib/mod/brandl/data/hires-temp/public/MTQ4ODIwODI0OWpwZzI=.jpg,http://petrbrandl.eu/katalog-del/detail-dila/?id=192
Ukřižování s Máří Magdalénou,před 1725,Petr Brandl,"Praha, Národní galerie v Praze","Kresba černou křídou /uhlem/, vysvětlovaná bílou křídou na modrošedém papíře",328 × 187 mm,Národní galerie v Praze,"Kresbu vlastnil malíř Josef Mánes, z jeho pozůstalosti ji získal Vojtěch Lanna a kresbu daroval roku 1886 Obrazárně Společnosti vlasteneckých přátel umění.",K 1126,Neznačeno,,,http://petrbrandl.eu/lib/mod/brandl/data/hires-temp/public/MTQ4ODIwNzg4N2pwZzI=.jpg,http://petrbrandl.eu/katalog-del/detail-dila/?id=193
Loučení sv. Petra a Pavla,kolem 1730,Petr Brandl - okruh,"Praha, Národní galerie v Praze","Kresba černou křídou, vysvětlovaná bílou křídou a žlutavým tónem na modrošedém papíře",180 × 227 mm,Národní galerie v Praze,Do Národní galerie byla kresba zakoupena v roce 1949.,K 13690,Dodatečně dole uprostřed hnědým tónem: Peter Brandl,,,http://petrbrandl.eu/lib/mod/brandl/data/hires-temp/public/MTQ4ODIwNzc0OGpwZzI=.jpg,http://petrbrandl.eu/katalog-del/detail-dila/?id=194
Sv. Václav s korouhví,kolem 1730,Petr Brandl?,"Praha, Národní galerie v Praze","Kresba černou křídou /uhlem/, vysvětlovaná bílou křídou, dodatečně hrubě obtažená perem",199 × 147 mm,Národní galerie v Praze,Kresba byla v roce 1949 převedena z Národního muzea do Národní galerie v Praze.,K 23602,Dodatečně vpravo dole perem hnědým tónem: Petr Brandl,,,http://petrbrandl.eu/lib/mod/brandl/data/hires-temp/public/MTQ4ODIwODUyMGpwZzI=.jpg,http://petrbrandl.eu/katalog-del/detail-dila/?id=195
Sv. Barbora v oblacích,kolem 1730,Petr Brandl?,"Praha, Národní galerie v Praze","Kresba uhlem nebo černou křídou, vysvětlovaná bílou křídou a nažloutlým tónem na modrošedém papíře",285 × 197 mm,Národní galerie v Praze,Kresba byla v roce 1949 převedena z Národního muzea do Národní galerie v Praze.,K 23609,Dodatečně vpravo dole červenou rudkou: Brandl,,,http://petrbrandl.eu/lib/mod/brandl/data/hires-temp/public/MTQ4ODIwODQwN2pwZzI=.jpg,http://petrbrandl.eu/katalog-del/detail-dila/?id=196
Sv. Roch,kolem 1730,Petr Brandl?,"Praha, Národní galerie v Praze","Kresba uhlem nebo černou křídou, vysvětlovaná bílou křídou a dodatečně hrubě obtažená perem na modrošedém papíře",271 × 195 mm,Národní galerie v Praze,Kresba byla v roce 1949 převedena z Národního muzea do Národní galerie v Praze.,K 23610,Dodatečně vpravo dole červenou rudkou: Brandl,,,http://petrbrandl.eu/lib/mod/brandl/data/hires-temp/public/MTQ4ODIwODQ5NmpwZzI=.jpg,http://petrbrandl.eu/katalog-del/detail-dila/?id=197
Sv. Jan Nepomucký před staroboleslavským Palladiem,před 1730,Petr Brandl - okruh,"Praha, Národní galerie v Praze","Kresba uhlem nebo černou křídou, vysvětlovaná bílou křídou, dodatečně obtažená perem",316 × 203 mm,Národní galerie v Praze,Kresba byla v roce 1949 převedena z Národního muzea do Národní galerie v Praze.,K 23603,Dodatečně vpravo dole perem hnědým tónem: Petter Brandl,archivně doloženo,"Umístění dle archivní tabulky: Nezvěstné, původně v kostele sv. Bartoloměje v Kutné Hoře, pak v klášteře voršilek tamtéž | č.k. V-44 | Datování dle archivní tabulky: 1734",http://petrbrandl.eu/lib/mod/brandl/data/hires-temp/public/MTQ4ODIwODQzMmpwZzI=.jpg,http://petrbrandl.eu/katalog-del/detail-dila/?id=198
Portrét Petra Brandla podle kresby Jana Tomáše Kleinhardta,1773,Jan Jiří Balzer (Paltzer),"Praha, Národní galerie v Praze","Mědiryt, papír",167 × 103 cm,Národní galerie v Praze,,R 133911/32,"Vpravo dole: J. Balzer fc. Pragae, pod portrétem označení: PETRVS BRANDEL",,,http://petrbrandl.eu/lib/mod/brandl/data/hires-temp/public/MTQ4OTUwMDM2NmpwZzI=.jpg,http://petrbrandl.eu/katalog-del/detail-dila/?id=199
Klanění pastýřů,po 1713,Jan Jiří Balzer (Paltzer) podle Petra Brandla,"Praha, Národní galerie v Praze","akvatinta, papír",197 × 155 cm,Národní galerie v Praze,,R 6554,Vlevo pod rámečkem: Peter Brandel del,,,http://petrbrandl.eu/lib/mod/brandl/data/hires-temp/public/MTQ4OTUwMDQwNmpwZzI=.jpg,http://petrbrandl.eu/katalog-del/detail-dila/?id=200
Podobizna Leopolda hraběte Šlika,1716,"Antonín Birckhardt (Birckhart, Birckart aj.) podle Petra Brandla","Praha, Národní galerie v Praze","Mědiryt, papír",272 × 162 mm,Národní galerie v Praze,,R 37123,"Vpravo dole: Birckart sc. Prag, na svitcích deviza eX gLaDIo CaLaMVs, eX CaLaMo gLaDIVs, která obsahuje chronogram 1716",,,http://petrbrandl.eu/lib/mod/brandl/data/hires-temp/public/MTQ4OTQ5OTkxMGpwZzI=.jpg,http://petrbrandl.eu/katalog-del/detail-dila/?id=201
Podobizna Františka Josefa Hraběte Černína z Chudenic,1719,"Antonín Birckhardt (Birckhart, Birckart aj.) podle Petra Brandla","Praha, Národní galerie v Praze","Mědiryt, papír",137 × 85 mm,Národní galerie v Praze,,R 39138,"Na soklu: Prandl Pinxit. Birckart sculp. Prag, dole nápis: Illustrissimus D[ominus], D[ominus] FRANCISCUS IOSEPHUS S[acri] R[omani] I[mperii] Comes CZERNIN de CHUDENITZ, / Hereditarius D[omi]nus in Chudenitz et Nova Domo etc. / Sac[rae] Caes[areae] Regiaeque Majestatis Camerarius Actualis / Majoris Iudicij Provincialis Assessor, et Heredi / tarius in regno Bohemiae Pincernae",,Umístění dle archivní tabulky: Nezvěstná | Datování dle archivní tabulky: Asi 1719,http://petrbrandl.eu/lib/mod/brandl/data/hires-temp/public/MTQ4OTQ5OTc4OGpwZzI=.jpg,http://petrbrandl.eu/katalog-del/detail-dila/?id=202
Podobizna papeže Benedikta XIII.,1724,"Antonín Birckhardt (Birckhart, Birckart aj.) podle Petra Brandla","Praha, Národní galerie v Praze","Mědiryt, papír",112 × 75 mm,Národní galerie v Praze,,R 37100,"Dole na soklu: Prandl del: Birckart fc. Prag, nahoře nápis: BENEDICTUS XIII URSINUS ROMANUS / PONTIFEX MAXIMUS, Creatus Die 29. Maij 1724",,,http://petrbrandl.eu/lib/mod/brandl/data/hires-temp/public/MTQ4OTQ5OTk0MGpwZzI=.jpg,http://petrbrandl.eu/katalog-del/detail-dila/?id=203
Podobizna Jana Josefa hraběte z Valdštejna (1684–1731),po 1720,"Antonín Birckhardt (Birckhart, Birckart aj.) podle Petra Brandla","Praha, Národní galerie v Praze","Mědiryt, papír",170 × 123 mm,Národní galerie v Praze,,R 37096,"Vlevo dole: Prandl del:, vpravo dole: Birckart sc: Prag. Na soklu nápis: Illustrissim[us]: et / Excellenti[ssimus] D[ominus] / JOANNES JOSEPHUS / S[acri] R[omani] I[mperii] Comes de WALDSTEIN, / Sac[rae] Caes[areae] Reg[iaeque] Cath[olicae] Majest[atis] Int[imus] Act[ualis] Cons[iliarius] / Camer[ae] Reg[iae] Locum [tenentium] Haered [itarius] Regiar[um] Depi[fatorum] Praecesor, nec / n[on] Suprem[us] in Regn[o] Bohem[iae] MARESCHALLUS, na nápisovém svitku deviza: PRO DEO, REGE, ET REGNO",,,http://petrbrandl.eu/lib/mod/brandl/data/hires-temp/public/MTQ4OTQ5OTgyOWpwZzI=.jpg,http://petrbrandl.eu/katalog-del/detail-dila/?id=204
Podobizna Jana Rudolfa Wolbrama Brandlinského,kolem 1720,"Antonín Birckhardt (Birckhart, Birckart aj.) podle Petra Brandla","Praha, Národní galerie v Praze","Mědiryt, papír",250 × 164 mm,Národní galerie v Praze,,R 37122,"Pod oválem vlevo: Prandl pinxit, vpravo: Birckhart sculpsit, na soklu nápis: Joannes Rudolphus Wolbram Brandlinsky L[iber] B[aro] de Stiekrže, Dominus in Popowitz / Sac[rae] Caes[arae] Reg[iaeque] M[ajestatis] / Actualis Camerarius / Judiciorum Cameratici et Feudalis Aßeßor, / atque Inclytae Regiae Camerae in Regno Böemiae Consiliarius",,Umístění dle archivní tabulky: Nezvěstná | Datování dle archivní tabulky: Kolem 1720,http://petrbrandl.eu/lib/mod/brandl/data/hires-temp/public/MTQ4OTQ5OTg2OGpwZzI=.jpg,http://petrbrandl.eu/katalog-del/detail-dila/?id=205
Podobizna chirurga Ferdinanda Schobera,kolem 1710,"Antonín Birckhardt (Birckhart, Birckart aj.) podle Petra Brandla","Praha, Národní galerie v Praze","Mědiryt, papír",160 × 95 mm,Národní galerie v Praze,,R 39142,"Na oválném rámu vlevo: Prandl pinxit, vpravo: Bircart sc, na soklu nápis: FERDINANDUS SCHOBER / de Hohenfurt / Senior Chyrurgus Min[oris] Urb[is] Pragenae. / Modeste et Vere",,Umístění dle archivní tabulky: Zničena (známo z rytiny) | č.k. V-31 | Datování dle archivní tabulky: Kolem/po 1710,http://petrbrandl.eu/lib/mod/brandl/data/hires-temp/public/MTQ4OTQ5OTY5MmpwZzI=.jpg,http://petrbrandl.eu/katalog-del/detail-dila/?id=206
Podobizna Dominika à Jesu Maria,,"Antonín Birckhardt (Birckhart, Birckart aj.) podle Petra Brandla","Praha, Národní galerie v Praze","Mědiryt, papír",150 × 100 mm,Národní galerie v Praze,,R 37084,"Vpravo dole: Prandl pinx: Birckart sc:, v rámečku pod vyobrazením nápis: Vera ex hispanico Originali transsumpta effigies Ven[erabilis] Patris Dominici / à Iesu Maria Carmelitarum Discalceatorum Praepositi, quondam / Generalis, Zelô divinae gloriae, vitâ S[anctissime] actâ et reportatâ suis / precib[us], qua[e] prophetico Spiritu praeviderat ac praedixerat, solemnißimâ / Victoriâ contra Heterodoxos in Albo monte Bohemiae, nec non miraculorum / famâ, factis ante et post mortem consonâ celeberrimi : Qui S[anctissimè] obijt Ao 1630 / die 16. Februarij Viennae Austriae",,Umístění dle archivní tabulky: Nezvěstná | č.k. V-95 | Datování dle archivní tabulky: Před 1720,http://petrbrandl.eu/lib/mod/brandl/data/hires-temp/public/MTQ4OTQ5OTc1NmpwZzI=.jpg,http://petrbrandl.eu/katalog-del/detail-dila/?id=207
Apoteóza sv. Vavřince: Teze Innocence Caesara von Adlerstein z Libochovic,1723,Gottlieb Heuss (Heiss) I podle Petra Brandla,"Praha, Národní knihovna ČR","Mezzotinta, papír",1120 × 682 mm,Národní knihovna ČR,,sbírka tezí č. 424,"V obraze vlevo dole: P. Brandl inv. Gottlieb Heüss sculp. et excud. Aug. Vind, uprostřed v kartuši oznámení, ve sloupcích po stranách filosofické teze obhajované práce",,,http://petrbrandl.eu/lib/mod/brandl/data/hires-temp/public/MTQ4OTUwMDIzNGpwZzI=.jpg,http://petrbrandl.eu/katalog-del/detail-dila/?id=208
Podobizna pražského arcibiskupa Ferdinanda hraběte z Khuenburgu,po 1714,Johann Kenckel podle Petra Brandla,"Praha, Strahovská knihovna","Mezzotinta, papír",410 × 267 mm,Královská kanonie premonstrátů na Strahově,,GS 28196,"Vlevo dole: Peter Brandel pinx. Pragens., vpravo dole: Humillime Defer. te Dic. te Dedic. te / Joanne Friderico Rudiger. Bibliop. a Norimb. / Johannes Kenckel sculp. Norimb, pod podobiznou v rámečku nápis ve středu přerušený oválným znakem: Reverendißimus ac Celsissimus Princeps Dominus, / Dominus FERDINANDUS è Comi- / tibus de Khünburg, DEI et Apostolicae Sedis Gratià Archi- / Episcopus Pragensis, Sac[ri] Rom[ani] Imp[erii] Princeps, Legatus natus, Sac[rae] Caesar[eae] / Regiaeq[ue] Majestatis Actualis Intimus Consiliarius, Inclyti Regni Bohemiae Primas, Almae Vniversitatis Carolo- Ferdinandeae Pragen- / sis Amplissimus perpetuusque Cancellarius etc. etc.,",,,http://petrbrandl.eu/lib/mod/brandl/data/hires-temp/public/MTQ4OTUwMDQ0MGpwZzI=.jpg,http://petrbrandl.eu/katalog-del/detail-dila/?id=209
Ukřižování s Pannou Marií Bolestnou a sv. Janem: Teze Václava Schucha z Klatov,po 1730,Josef Sebestian Klauber podle Petra Brandla,"Praha, Národní knihovna ČR","Mezzotinta, papír",1060 × 620 mm,Národní knihovna ČR,,sbírka tezí č. 333,"v obraze vlevo: Pet. Brandel: pinxit. P. Ant. Hiebel S. I. delin., vpravo dole: Klauber Cath. Sc. et exc. Aug. Vind, pod vyobrazením v kartuši ve středu oznámení disputace, po stranách ve sloupcích teze práce",,,http://petrbrandl.eu/lib/mod/brandl/data/hires-temp/public/MTQ4OTUwMDQ4NGpwZzI=.jpg,http://petrbrandl.eu/katalog-del/detail-dila/?id=210
Nalezení těla sv. Jana Nepomuckého,1699 až 1707,Antonin Jan Mansfeld podle Petra Brandla,"Praha, Národní knihovna ČR","Mědiryt, papír",146 × 101 mm,Národní knihovna ČR,,54 C 000051/D,Rámečkem vlevo dole: A. Mansfelt sc:,,,http://petrbrandl.eu/lib/mod/brandl/data/hires-temp/public/MTQ4OTUwMDAxNWpwZzI=.jpg,http://petrbrandl.eu/katalog-del/detail-dila/?id=211
Ukřižování s Pannou Marií Bolestnou a sv. Janem,po 1749,Michael Jindřich Rentz (Renz) podle Antonína Hiebla podle Petra Brandla,Strahovská knihovna,"Mědiryt, papír",154 × 90 mm,Královská kanonie premonstrátů na Strahově,,GS 31453,"Vpravo dole: Rentz, Kuccus Baad im Bohem. sc. Pod obrazem nápis: VERA EFFIGIES CRUCIFIXI IN TEMPLO PONTIF[icali] CAESAR[eo] / Convict[i] Collegij S[ociatatis] I[esu] ad S[anctum] Barthol[omaeum] Pragae; / Quam Honorib[us] Reverendissimi, Illustris[simi] ac Eximij / D[omini] D[omini] ANTONII PRZICHOWSKY L[iber] B[aro] de PRZICHOWITZ, / 880 S[anctissimae] Th[eo]l[og]iae Doct[ori] Abbatis Inful[ati] Metropol[itanae] Eccl[esiae] Prag[ensis] Canonici, / Colleg[iatae] Capel[lae] Reg[iae] ad O[mnium] S[anctorum] Decani, Archi- Episc[opalis] Consist[orii] Assessoris, / Ejusdem Contubernij quontam Convictoris Dignissimi. / D[ono] D[edit] D[icavit] Collegium Convictorum ad S[anctum] Bartholomaeum Pragae, uprostřed nápisu znak antonína Příchovského z Příchovic",,,http://petrbrandl.eu/lib/mod/brandl/data/hires-temp/public/MTQ4OTUwMDgyM2pwZzI=.jpg,http://petrbrandl.eu/katalog-del/detail-dila/?id=212
Sv. Jan Nepomucký jako almužník,1733,Michael Jindřich Rentz (Renz) podle antonína Hiebla podle Petra Brandla,Strahovská knihovna,"Mědiryt, papír",149 × 86 mm,Královská kanonie premonstrátů na Strahově,,GS 11923,"vlevo dole: Petr : Brandel pinx., vpravo dole: Mich : Rentz sc., v kartuši pod obrazem nápis: s Joannes FaMae bonae ConserVator / proteCtIone tVa a DIVVa serVos tVos s chronogramem 1733, andílek na obraze drží kartuši se znaky Kryštofa Norberta Voračického z Paběnic a jeho ženy Marie Magdalény alsterové z Astfeldu",archivně doloženo,"Umístění dle archivní tabulky: Ztraceno, dříve zámecká kaple v Barchově | č.k. V-2",http://petrbrandl.eu/lib/mod/brandl/data/hires-temp/public/MTQ4OTUwMDc4MWpwZzI=.jpg,http://petrbrandl.eu/katalog-del/detail-dila/?id=213
Zázrak Panny Marie Rottenburské,po 1736,Michael Jindřich Rentz (Renz)? podle antonína Hiebla podle Petra Brandla,Strahovská knihovna,"Mědiryt, papír",70 × 118 mm,Královská kanonie premonstrátů na Strahově,,GS 22790,"Dole: Gratiosa V. Maria Hradschi. Pragae ad V. V. P. P. Capucinos bino prodigioso reditu, et pulsu, clara, vpravo dole: ex formis P. Hillinger Mini. Pict. Micro Pragae",,,http://petrbrandl.eu/lib/mod/brandl/data/hires-temp/public/MTQ4OTUwMDg0OGpwZzI=.jpg,http://petrbrandl.eu/katalog-del/detail-dila/?id=214
Panna Marie se zjevuje sv. Petru Tomášovi,kolem 1710,Baltazar Van Westerhout podle Petra Brandla,Strahovská knihovna,"Mědiryt, papír",550 × 465 mm,Královská kanonie premonstrátů na Strahově,,GS 41054,"Vlevo dole: Petrus Brandl del. Bal : van Westerhout Scul.:, na svitku, který drží v oblacích andílek, nápis: S[anctus] Petrus Thomas M[inorum] O[rdinum] Carmelitarum Epis[copus] Pactensis et Coronensis, / Archiepiscop[us] Cretensis Patriarcha Constantinop[olitensis] Legat[us] Apostoli[cus]",,,http://petrbrandl.eu/lib/mod/brandl/data/hires-temp/public/MTQ4OTUwMDExM2pwZzI=.jpg,http://petrbrandl.eu/katalog-del/detail-dila/?id=215
Vize sv. Anny,asi 1718,Petr Brandl,"Olomouc, Vlastivědné muzeum v Olomouci","Olej, plátno",184 × 107 cm,Vlastivědné muzeum Olomouc,"Obraz byl pravděpodobně určen do kostela Panny Marie na Louži na Starém Městě v Praze (1784 zrušen, 1792 zbourán). Ve 20. letech 19. století jej vlastnil Josef hrabě Šternbek-Manderschied (1763–1830), který dílo zapůjčil do Obrazárny Společnosti vlasteneckých přátel umění. Po smrti hraběte obraz přešel do vlastnictví jeho vnuka Augusta Alexandra Sylva-Tarrouca, který obraz převezl na zámek Čechy pod Kosířem.",UP 92/2009,Neznačeno,,,http://petrbrandl.eu/lib/mod/brandl/data/hires-temp/public/MTQ5MDI3NjUyMWpwZzI=.jpg,http://petrbrandl.eu/katalog-del/detail-dila/?id=216
Umučení sv. Bartoloměje,1731 až 1732,Petr Brandl,"Skałka u Wrocławi (Polsko), kostel sv. Máří Magdalény","Olej, plátno",171 × 117 cm,Arcidiecéze vratislavská,"Původní není známa, obraz do kostela sv. Máří Magdalény nejspíše dostal z kláštera cisterciáků v Křesoboru.",,Signováno na rubu plátna: P:Brandl,,,http://petrbrandl.eu/lib/mod/brandl/data/hires-temp/public/MTQ4OTUwMTA4N2pwZzI=.jpg,http://petrbrandl.eu/katalog-del/detail-dila/?id=218
Kytice ve váze I (Zátiší s květinami ve váze se dvěma mrtvými hýly),kolem 1720,Jan Vojtěch Angermayer a Petr Brandl,"Krásný Dvůr, zámek","Olej, plátno","71 × 45,6 cm","Národní památkový ústav, územní odborné pracoviště v Ústí nad Labem","Zátiší (spolu se Zátiším s květinami ve váze a mrtvým strakapoudem a pěnkavou) objednal František Josef hrabě Černín (1697–1733) do své sbírky na zámku v Petrohradě; 1827–1853 byla zátiší zapůjčena Janem Rudolfem Černínem (1757–1845) do Obrazárny Společnosti vlasteneckých přátel umění. Po roce 1853 byla zpět na zámku v Petrohradě, kde jsou registrována do roku 1915; od roku 1953 se zátiší nachází na zámku Krásný Dvůr.",KD 1334,Signováno vpravo dole na kamenném soklu: J. A. ANGERMEŸ […] a na spodním okraji vázy PRANDL,signováno,Umístění dle archivní tabulky: Zámek Krásný Dvůr | č.k. I-14 | Datování dle archivní tabulky: Kolem 1720,http://petrbrandl.eu/lib/mod/brandl/data/hires-temp/public/MTQ4OTUwMTg1M2pwZzI=.jpg,http://petrbrandl.eu/katalog-del/detail-dila/?id=219
Kytice ve váze II (Zátiší s květinami ve váze s mrtvým strakapoudem a pěnkavou),kolem 1720,Jan Vojtěch Angermayer a Petr Brandl,"Krásný dvůr, zámek","Olej, plátno","71,3 × 45,5 cm","Národní památkový ústav, územní odborné pracoviště v Ústí nad Labem","Zátiší (spolu se Zátiším s květinami ve váze s mrtvými hejly) a pěnkavou) objednal František Josef hrabě Černín (1697–1733) do své sbírky na zámku v Petrohradě; 1827–1853 byla zátiší zapůjčena Janem Rudolfem Černínem (1757–1845) do Obrazárny Společnosti vlasteneckých přátel umění. Po roce 1853 byla zpět na zámku v Petrohradě, kde jsou registrována do roku 1915; od roku 1953 se zátiší nachází na zámku Krásný Dvůr.",KD 1336,Signováno na spodním okraji vázy: PRANDL,,Umístění dle archivní tabulky: Zámek Krásný Dvůr | č.k. I-15 | Datování dle archivní tabulky: Kolem 1720,http://petrbrandl.eu/lib/mod/brandl/data/hires-temp/public/MTQ4OTUwMTg3OGpwZzI=.jpg,http://petrbrandl.eu/katalog-del/detail-dila/?id=220
Obětování v chrámě,asi 1708,Brandlův žák nebo následovník,"Praha - Staré Město, kostel sv. Jakuba","Olej, plátno",,Konvent minoritů v Praze,,,Neznačeno,,,http://petrbrandl.eu/lib/mod/brandl/data/hires-temp/public/MTQ4OTUwMDE1MWpwZzI=.jpg,http://petrbrandl.eu/katalog-del/detail-dila/?id=221
Poslední večeře,po 1705,Petr Brandl a Michael Václav Halbax,"Praha, Národní galerie v Praze","Olej, plátno",374 × 257 cm,Národní galerie v Praze,Původně dílo vzniklo pro zámeckou kapli Nejsvětější svátosti v Rosicích u Chrudimi. Objednavatelem díla byl Štěpán Vilém kníže Kinský (1679–1749).,O 9977,"Na rubu býval nalepen nápis, který byl zřejmě opisem původního nápisu přímo na plátně: Erectum Ao 1728 Petrus Brandl f Halbwox pinxerunt Pragae",,Umístění dle archivní tabulky: Národní galerie v Praze | č.k. I-121 | Datování dle archivní tabulky: Po 1705,http://petrbrandl.eu/lib/mod/brandl/data/hires-temp/public/MTQ4OTUwMTM1NmpwZzI=.jpg,http://petrbrandl.eu/katalog-del/detail-dila/?id=222
Sv. Jan Nepomucký adoruje Palladium země české,kolem 1730,Petr Brandl,"Praha, Národní galerie v Praze","Olej, plátno","100,5 × 77 cm",Národní galerie v Praze,Původní není známa. V první polovině 20. století se nacházel ve sbírce Evženie Rybičkové v České Třebové. Národní galerie v Praze obraz zakoupila v roce 2013 ze soukromého majetku.,O 19126,Neznačeno,,Umístění dle archivní tabulky: Národní galerie v Praze | č.k. I-140 | Datování dle archivní tabulky: Před/kolem 1730,http://petrbrandl.eu/lib/mod/brandl/data/hires-temp/public/MTQ5MDI3Nzg3OGpwZzI=.jpg,http://petrbrandl.eu/katalog-del/detail-dila/?id=223
Podobizna Františka Josefa hraběte Černína,kolem 1740,Kopie podle Petra Brandla,"Jindřichův Hradec, zámek","Olej, plátno",249 × 159 cm,"Národní památkový ústav, územní odborné pracoviště v Českých Budějovicích","Brandlův originál spolu s protějškem Podobiznou Isabelly Marie Černínové roz. z Westerloo, byl po roce 1918 ze země ze zámku ve Vinoři. Na zámku v Jindřichově Hradci zůstaly pouze kopie.",JH 608,Neznačeno,,,http://petrbrandl.eu/lib/mod/brandl/data/hires-temp/public/MTQ4OTUwMDY5N2pwZzI=.jpg,http://petrbrandl.eu/katalog-del/detail-dila/?id=224
"Podobizna manželky Františka Josefa hraběte Černína, Marie Isabelly, markýzy z Westerloo",kolem 1740,Kopie podle Petra Brandla,"Jindřichův Hradec, zámek","Olej, plátno",230 × 150 cm,"Národní památkový ústav, územní odborné pracoviště v Českých Budějovicích","Brandlův originál spolu s protějškem Podobiznou Františka Josefa hraběte Černína, byl chován na rodovém zámku ve Vinoři, po roce 1918 vyvezen ze země. Na zámku v Jindřichově Hradci zůstaly pouze kopie.",JH 609,Neznačeno,,Umístění dle archivní tabulky: Nezvěstné | č.k. I-13 | Datování dle archivní tabulky: Asi 1721,http://petrbrandl.eu/lib/mod/brandl/data/hires-temp/public/MTQ4OTUwMDc0OGpwZzI=.jpg,http://petrbrandl.eu/katalog-del/detail-dila/?id=225
Nanebevzetí Panny Marie (Assumpta),,Kopie podle Petra Brandla,"Praha - Staré Město, kostel sv. Jakuba","Olej, plátno",234 × 135 cm,Konvent minoritů v Praze,"Jedná se o kopii díla, které do kostela minoritů objednala rodina Demartini.",,Neznačeno,,,http://petrbrandl.eu/lib/mod/brandl/data/hires-temp/public/MTQ4OTUwMDU0M2pwZzI=.jpg,http://petrbrandl.eu/katalog-del/detail-dila/?id=226
Alegorie sochařství,po 1710,Petr Brandl,"Praha, Národní galerie v Praze","Olej, plátno",90 × 80 cm,Národní galerie v Praze,Původní není známa. V roce 1948 byl obraz zakoupen do Národní galerie od R. Ryšavého.,O 2738,Neznačeno,,Umístění dle archivní tabulky: Národní galerie v Praze | č.k. I-112 | Datování dle archivní tabulky: 1716,http://petrbrandl.eu/lib/mod/brandl/data/hires-temp/public/MTQ5MDI3NjQ0NGpwZzI=.jpg,http://petrbrandl.eu/katalog-del/detail-dila/?id=231
Jákob přijímá Josefovo zkrvavené roucho,kolem 1695,Petr Brandl - replika,"Praha – Staré Město, klášter křižovníků","Olej, plátno",76 × 95 cm,Rytířský řád Křižovníků s červenou hvězdou,Původní není známa.,,Neznačeno,,"Umístění dle archivní tabulky: Klášter křižovníků, Praha - Staré Město | č.k. I-86 | Datování dle archivní tabulky: Kolem 1695",http://petrbrandl.eu/lib/mod/brandl/data/hires-temp/public/MTQ5MDI3NjM5NGpwZzI=.jpg,http://petrbrandl.eu/katalog-del/detail-dila/?id=232
Nanebevzetí Panny Marie (Assumpta),,Petr Brandl – kopie podle,"Vyšší Brod, klášterní obrazárna","Olej, plátno",93 × 46 cm,Cisterciácké opatství Vyšší Brod,"Původní není známa. Jedná se o skicu modelletta ze soukromého majetku, která přecházela vzniku oltářního plátna s Nanebevzetím Panny Marie (dnes kostel sv. Vavřince, Vysoké Mýto).",,Neznačeno,,,http://petrbrandl.eu/lib/mod/brandl/data/hires-temp/public/MTQ5MDk2NjM2N2pwZzI=.jpg,http://petrbrandl.eu/katalog-del/detail-dila/?id=236
Sv. Marek,kolem 1724,Petr Brandl,U.S.A.,"Olej, plátno",69 × 93 cm,Soukromá sbírka,"Původní není známa. Obraz měla v majetku rodina z Milána. Dílo pak bylo v roce 2010 vydraženo (Fineart, 30.3. 2010, položka č. 280) a dostalo se do soukromé sbírky v U.S.A.",,Neznačeno,,,http://petrbrandl.eu/lib/mod/brandl/data/hires-temp/public/MTQ5MDk2NjExN2pwZzI=.jpg,http://petrbrandl.eu/katalog-del/detail-dila/?id=237
Sv. Antonín Paduánský s Ježíškem,1730,Petr Brandl,"Praha, dlouhodobě zapůjčeno do Národní galerie v Praze z kostela v Žamberku","Olej, plátno",105 × 81 cm,Biskupství královéhradecké,"Obraz, který je dlouhodobě zapůjčen do Národní galerie v Praze, byl malován pro oltář kostela sv. Václava v Žamberku (zde jeho kopie). Objednavatelem byl zřejmě Jan Václav hrabě z Bubna a Litic.",,Signováno vlevo dole: Petrus Brandl. Pinxit A. 1730,"signováno, datováno","Umístění dle archivní tabulky: Národní galerie v Praze (zápůjčka z kostela sv. Václava, Žamberk) | č.k. I-179",http://petrbrandl.eu/lib/mod/brandl/data/hires-temp/public/MTQ5MjUyMTkzNWpwZzI=.jpg,http://petrbrandl.eu/katalog-del/detail-dila/?id=238
Kající se Máří Magdaléna,po 1710,Kopie podle Petra Brandla,"Praha, soukromá sbírka","Olej, plátno",118 × 99 cm,Soukromá sbírka,2016 zakoupeno v obchodě s uměním ve Frankfurtu nad Mohanem.,,Neznačeno,,,http://petrbrandl.eu/lib/mod/brandl/data/hires-temp/public/MTQ5NjEzODI4MmpwZzI=.jpg,http://petrbrandl.eu/katalog-del/detail-dila/?id=239
Křest Kristův,kolem 1720,Petr Brandl,"Żabów (Polsko), kostel sv. Jana Křtitele","Olej, plátno",257 × 169 cm,Parafia rzymskokatolicka p.w. św. Jana Chrzciciela w Żabowie,"Původní není známa. Jedna z hypotéz je, že dílo objednal František Josef hrabě Černín. Před 1945 v kostele sv. Jana Křtitele v Żabówe (Pomořansko - Polsko). Kopie obrazu se nachází v kostele sv. Anny v Javorné.",,Neznačeno,,,http://petrbrandl.eu/lib/mod/brandl/data/hires-temp/public/MTUxMDc0MDIxMGpwZzI=.jpg,http://petrbrandl.eu/katalog-del/detail-dila/?id=240
Vlastní podobizna,1730 až 1740,Kopie podle Petra Brandla,"Praha, Národní galerie v Praze","Olej, plátno",65 × 50 cm,Národní galerie v Praze,Původní není známa. Zakoupeno do Národní galerie v Praze v roce 2018 z aukční síně Maria Luise Hopp-Gantner v Starnberg v Německu.,O 19177,Neznačeno,,Umístění dle archivní tabulky: Nezvěstná (známa z kopie) | č.k. II-242 | Datování dle archivní tabulky: Kolem 1731,http://petrbrandl.eu/lib/mod/brandl/data/hires-temp/public/MTU5Nzc1Mjg4NWpwZzI=.jpg,http://petrbrandl.eu/katalog-del/detail-dila/?id=242
Assumpta,1703,Petr Brandl,"Doksany, kostel Nanebevzetí Panny Marie","Olej, plátno",239 × 180 cm,Klášter sester premonstrátek,Obraz pro konventní kostel premonstrátek v Doksanech pravděpodobně objednal probošt Bruno Kunovský.,,neznačeno,,Umístění dle archivní tabulky: Kostel Doksany | č.k. I-9,http://petrbrandl.eu/lib/mod/brandl/data/hires-temp/public/MTc1ODc4OTY3MmpwZzI=.jpg,http://petrbrandl.eu/katalog-del/detail-dila/?id=248
